cat1,cat2,id,unicode,title
Smileys and Emotion,"Face, Smiling",1,1F600,grinning face
Smileys and Emotion,"Face, Smiling",2,1F603,grinning face with big eyes
Smileys and Emotion,"Face, Smiling",3,1F604,grinning face with smiling eyes
Smileys and Emotion,"Face, Smiling",4,1F601,beaming face with smiling eyes
Smileys and Emotion,"Face, Smiling",5,1F606,grinning squinting face
Smileys and Emotion,"Face, Smiling",6,1F605,grinning face with sweat
Smileys and Emotion,"Face, Smiling",7,1F923,rolling on the floor laughing
Smileys and Emotion,"Face, Smiling",8,1F602,face with tears of joy
Smileys and Emotion,"Face, Smiling",9,1F642,slightly smiling face
Smileys and Emotion,"Face, Smiling",10,1F643,upside-down face
Smileys and Emotion,"Face, Smiling",11,1F609,winking face
Smileys and Emotion,"Face, Smiling",12,1F60A,smiling face with smiling eyes
Smileys and Emotion,"Face, Smiling",13,1F607,smiling face with halo
Smileys and Emotion,"Face, Affection",14,1F970,smiling face with hearts
Smileys and Emotion,"Face, Affection",15,1F60D,smiling face with heart-eyes
Smileys and Emotion,"Face, Affection",16,1F929,star-struck
Smileys and Emotion,"Face, Affection",17,1F618,face blowing a kiss
Smileys and Emotion,"Face, Affection",18,1F617,kissing face
Smileys and Emotion,"Face, Affection",19,263A,smiling face
Smileys and Emotion,"Face, Affection",20,1F61A,kissing face with closed eyes
Smileys and Emotion,"Face, Affection",21,1F619,kissing face with smiling eyes
Smileys and Emotion,"Face, Affection",22,1F972,⊛ smiling face with tear
Smileys and Emotion,"Face, Tongue",23,1F60B,face savoring food
Smileys and Emotion,"Face, Tongue",24,1F61B,face with tongue
Smileys and Emotion,"Face, Tongue",25,1F61C,winking face with tongue
Smileys and Emotion,"Face, Tongue",26,1F92A,zany face
Smileys and Emotion,"Face, Tongue",27,1F61D,squinting face with tongue
Smileys and Emotion,"Face, Tongue",28,1F911,money-mouth face
Smileys and Emotion,"Face, Hand",29,1F917,hugging face
Smileys and Emotion,"Face, Hand",30,1F92D,face with hand over mouth
Smileys and Emotion,"Face, Hand",31,1F92B,shushing face
Smileys and Emotion,"Face, Hand",32,1F914,thinking face
Smileys and Emotion,"Face, Neutral, Skeptical",33,1F910,zipper-mouth face
Smileys and Emotion,"Face, Neutral, Skeptical",34,1F928,face with raised eyebrow
Smileys and Emotion,"Face, Neutral, Skeptical",35,1F610,neutral face
Smileys and Emotion,"Face, Neutral, Skeptical",36,1F611,expressionless face
Smileys and Emotion,"Face, Neutral, Skeptical",37,1F636,face without mouth
Smileys and Emotion,"Face, Neutral, Skeptical",38,1F60F,smirking face
Smileys and Emotion,"Face, Neutral, Skeptical",39,1F612,unamused face
Smileys and Emotion,"Face, Neutral, Skeptical",40,1F644,face with rolling eyes
Smileys and Emotion,"Face, Neutral, Skeptical",41,1F62C,grimacing face
Smileys and Emotion,"Face, Neutral, Skeptical",42,1F925,lying face
Smileys and Emotion,"Face, Sleepy",43,1F60C,relieved face
Smileys and Emotion,"Face, Sleepy",44,1F614,pensive face
Smileys and Emotion,"Face, Sleepy",45,1F62A,sleepy face
Smileys and Emotion,"Face, Sleepy",46,1F924,drooling face
Smileys and Emotion,"Face, Sleepy",47,1F634,sleeping face
Smileys and Emotion,"Face, Unwell",48,1F637,face with medical mask
Smileys and Emotion,"Face, Unwell",49,1F912,face with thermometer
Smileys and Emotion,"Face, Unwell",50,1F915,face with head-bandage
Smileys and Emotion,"Face, Unwell",51,1F922,nauseated face
Smileys and Emotion,"Face, Unwell",52,1F92E,face vomiting
Smileys and Emotion,"Face, Unwell",53,1F927,sneezing face
Smileys and Emotion,"Face, Unwell",54,1F975,hot face
Smileys and Emotion,"Face, Unwell",55,1F976,cold face
Smileys and Emotion,"Face, Unwell",56,1F974,woozy face
Smileys and Emotion,"Face, Unwell",57,1F635,dizzy face
Smileys and Emotion,"Face, Unwell",58,1F92F,exploding head
Smileys and Emotion,"Face, Hat",59,1F920,cowboy hat face
Smileys and Emotion,"Face, Hat",60,1F973,partying face
Smileys and Emotion,"Face, Hat",61,1F978,⊛ disguised face
Smileys and Emotion,"Face, Glasses",62,1F60E,smiling face with sunglasses
Smileys and Emotion,"Face, Glasses",63,1F913,nerd face
Smileys and Emotion,"Face, Glasses",64,1F9D0,face with monocle
Smileys and Emotion,"Face, Concerned",65,1F615,confused face
Smileys and Emotion,"Face, Concerned",66,1F61F,worried face
Smileys and Emotion,"Face, Concerned",67,1F641,slightly frowning face
Smileys and Emotion,"Face, Concerned",68,2639,frowning face
Smileys and Emotion,"Face, Concerned",69,1F62E,face with open mouth
Smileys and Emotion,"Face, Concerned",70,1F62F,hushed face
Smileys and Emotion,"Face, Concerned",71,1F632,astonished face
Smileys and Emotion,"Face, Concerned",72,1F633,flushed face
Smileys and Emotion,"Face, Concerned",73,1F97A,pleading face
Smileys and Emotion,"Face, Concerned",74,1F626,frowning face with open mouth
Smileys and Emotion,"Face, Concerned",75,1F627,anguished face
Smileys and Emotion,"Face, Concerned",76,1F628,fearful face
Smileys and Emotion,"Face, Concerned",77,1F630,anxious face with sweat
Smileys and Emotion,"Face, Concerned",78,1F625,sad but relieved face
Smileys and Emotion,"Face, Concerned",79,1F622,crying face
Smileys and Emotion,"Face, Concerned",80,1F62D,loudly crying face
Smileys and Emotion,"Face, Concerned",81,1F631,face screaming in fear
Smileys and Emotion,"Face, Concerned",82,1F616,confounded face
Smileys and Emotion,"Face, Concerned",83,1F623,persevering face
Smileys and Emotion,"Face, Concerned",84,1F61E,disappointed face
Smileys and Emotion,"Face, Concerned",85,1F613,downcast face with sweat
Smileys and Emotion,"Face, Concerned",86,1F629,weary face
Smileys and Emotion,"Face, Concerned",87,1F62B,tired face
Smileys and Emotion,"Face, Concerned",88,1F971,yawning face
Smileys and Emotion,"Face, Negative",89,1F624,face with steam from nose
Smileys and Emotion,"Face, Negative",90,1F621,pouting face
Smileys and Emotion,"Face, Negative",91,1F620,angry face
Smileys and Emotion,"Face, Negative",92,1F92C,face with symbols on mouth
Smileys and Emotion,"Face, Negative",93,1F608,smiling face with horns
Smileys and Emotion,"Face, Negative",94,1F47F,angry face with horns
Smileys and Emotion,"Face, Negative",95,1F480,skull
Smileys and Emotion,"Face, Negative",96,2620,skull and crossbones
Smileys and Emotion,"Face, Costume",97,1F4A9,pile of poo
Smileys and Emotion,"Face, Costume",98,1F921,clown face
Smileys and Emotion,"Face, Costume",99,1F479,ogre
Smileys and Emotion,"Face, Costume",100,1F47A,goblin
Smileys and Emotion,"Face, Costume",101,1F47B,ghost
Smileys and Emotion,"Face, Costume",102,1F47D,alien
Smileys and Emotion,"Face, Costume",103,1F47E,alien monster
Smileys and Emotion,"Face, Costume",104,1F916,robot
Smileys and Emotion,Cat Face,105,1F63A,grinning cat
Smileys and Emotion,Cat Face,106,1F638,grinning cat with smiling eyes
Smileys and Emotion,Cat Face,107,1F639,cat with tears of joy
Smileys and Emotion,Cat Face,108,1F63B,smiling cat with heart-eyes
Smileys and Emotion,Cat Face,109,1F63C,cat with wry smile
Smileys and Emotion,Cat Face,110,1F63D,kissing cat
Smileys and Emotion,Cat Face,111,1F640,weary cat
Smileys and Emotion,Cat Face,112,1F63F,crying cat
Smileys and Emotion,Cat Face,113,1F63E,pouting cat
Smileys and Emotion,Monkey Face,114,1F648,see-no-evil monkey
Smileys and Emotion,Monkey Face,115,1F649,hear-no-evil monkey
Smileys and Emotion,Monkey Face,116,1F64A,speak-no-evil monkey
Smileys and Emotion,Emotion,117,1F48B,kiss mark
Smileys and Emotion,Emotion,118,1F48C,love letter
Smileys and Emotion,Emotion,119,1F498,heart with arrow
Smileys and Emotion,Emotion,120,1F49D,heart with ribbon
Smileys and Emotion,Emotion,121,1F496,sparkling heart
Smileys and Emotion,Emotion,122,1F497,growing heart
Smileys and Emotion,Emotion,123,1F493,beating heart
Smileys and Emotion,Emotion,124,1F49E,revolving hearts
Smileys and Emotion,Emotion,125,1F495,two hearts
Smileys and Emotion,Emotion,126,1F49F,heart decoration
Smileys and Emotion,Emotion,127,2763,heart exclamation
Smileys and Emotion,Emotion,128,1F494,broken heart
Smileys and Emotion,Emotion,129,2764,red heart
Smileys and Emotion,Emotion,130,1F9E1,orange heart
Smileys and Emotion,Emotion,131,1F49B,yellow heart
Smileys and Emotion,Emotion,132,1F49A,green heart
Smileys and Emotion,Emotion,133,1F499,blue heart
Smileys and Emotion,Emotion,134,1F49C,purple heart
Smileys and Emotion,Emotion,135,1F90E,brown heart
Smileys and Emotion,Emotion,136,1F5A4,black heart
Smileys and Emotion,Emotion,137,1F90D,white heart
Smileys and Emotion,Emotion,138,1F4AF,hundred points
Smileys and Emotion,Emotion,139,1F4A2,anger symbol
Smileys and Emotion,Emotion,140,1F4A5,collision
Smileys and Emotion,Emotion,141,1F4AB,dizzy
Smileys and Emotion,Emotion,142,1F4A6,sweat droplets
Smileys and Emotion,Emotion,143,1F4A8,dashing away
Smileys and Emotion,Emotion,144,1F573,hole
Smileys and Emotion,Emotion,145,1F4A3,bomb
Smileys and Emotion,Emotion,146,1F4AC,speech balloon
Smileys and Emotion,Emotion,147,1F441+FE0F+200D+1F5E8+FE0F,eye in speech bubble
Smileys and Emotion,Emotion,148,1F5E8,left speech bubble
Smileys and Emotion,Emotion,149,1F5EF,right anger bubble
Smileys and Emotion,Emotion,150,1F4AD,thought balloon
Smileys and Emotion,Emotion,151,1F4A4,zzz
People and Body,"Hand, Fingers, Open",152,1F44B,waving hand
People and Body,"Hand, Fingers, Open",153,1F91A,raised back of hand
People and Body,"Hand, Fingers, Open",154,1F590,hand with fingers splayed
People and Body,"Hand, Fingers, Open",155,270B,raised hand
People and Body,"Hand, Fingers, Open",156,1F596,vulcan salute
People and Body,"Hand, Fingers, Partial",157,1F44C,OK hand
People and Body,"Hand, Fingers, Partial",158,1F90C,⊛ pinched fingers
People and Body,"Hand, Fingers, Partial",159,1F90F,pinching hand
People and Body,"Hand, Fingers, Partial",160,270C,victory hand
People and Body,"Hand, Fingers, Partial",161,1F91E,crossed fingers
People and Body,"Hand, Fingers, Partial",162,1F91F,love-you gesture
People and Body,"Hand, Fingers, Partial",163,1F918,sign of the horns
People and Body,"Hand, Fingers, Partial",164,1F919,call me hand
People and Body,"Hand, Single, Finger",165,1F448,backhand index pointing left
People and Body,"Hand, Single, Finger",166,1F449,backhand index pointing right
People and Body,"Hand, Single, Finger",167,1F446,backhand index pointing up
People and Body,"Hand, Single, Finger",168,1F595,middle finger
People and Body,"Hand, Single, Finger",169,1F447,backhand index pointing down
People and Body,"Hand, Single, Finger",170,261D,index pointing up
People and Body,"Hand, Fingers, Closed",171,1F44D,thumbs up
People and Body,"Hand, Fingers, Closed",172,1F44E,thumbs down
People and Body,"Hand, Fingers, Closed",173,270A,raised fist
People and Body,"Hand, Fingers, Closed",174,1F44A,oncoming fist
People and Body,"Hand, Fingers, Closed",175,1F91B,left-facing fist
People and Body,"Hand, Fingers, Closed",176,1F91C,right-facing fist
People and Body,Hands,177,1F44F,clapping hands
People and Body,Hands,178,1F64C,raising hands
People and Body,Hands,179,1F450,open hands
People and Body,Hands,180,1F932,palms up together
People and Body,Hands,181,1F91D,handshake
People and Body,Hands,182,1F64F,folded hands
People and Body,"Hand, Prop",183,270D,writing hand
People and Body,"Hand, Prop",184,1F485,nail polish
People and Body,"Hand, Prop",185,1F933,selfie
People and Body,Body Parts,186,1F4AA,flexed biceps
People and Body,Body Parts,187,1F9BE,mechanical arm
People and Body,Body Parts,188,1F9BF,mechanical leg
People and Body,Body Parts,189,1F9B5,leg
People and Body,Body Parts,190,1F9B6,foot
People and Body,Body Parts,191,1F442,ear
People and Body,Body Parts,192,1F9BB,ear with hearing aid
People and Body,Body Parts,193,1F443,nose
People and Body,Body Parts,194,1F9E0,brain
People and Body,Body Parts,195,1FAC0,
People and Body,Body Parts,196,1FAC1,
People and Body,Body Parts,197,1F9B7,tooth
People and Body,Body Parts,198,1F9B4,bone
People and Body,Body Parts,199,1F440,eyes
People and Body,Body Parts,200,1F441,eye
People and Body,Body Parts,201,1F445,tongue
People and Body,Body Parts,202,1F444,mouth
People and Body,Person,203,1F476,baby
People and Body,Person,204,1F9D2,child
People and Body,Person,205,1F466,boy
People and Body,Person,206,1F467,girl
People and Body,Person,207,1F9D1,person
People and Body,Person,208,1F471,person: blond hair
People and Body,Person,209,1F468,man
People and Body,Person,210,1F9D4,man: beard
People and Body,Person,211,1F468+200D+1F9B0,man: red hair
People and Body,Person,212,1F468+200D+1F9B1,man: curly hair
People and Body,Person,213,1F468+200D+1F9B3,man: white hair
People and Body,Person,214,1F468+200D+1F9B2,man: bald
People and Body,Person,215,1F469,woman
People and Body,Person,216,1F469+200D+1F9B0,woman: red hair
People and Body,Person,217,1F9D1+200D+1F9B0,person: red hair
People and Body,Person,218,1F469+200D+1F9B1,woman: curly hair
People and Body,Person,219,1F9D1+200D+1F9B1,person: curly hair
People and Body,Person,220,1F469+200D+1F9B3,woman: white hair
People and Body,Person,221,1F9D1+200D+1F9B3,person: white hair
People and Body,Person,222,1F469+200D+1F9B2,woman: bald
People and Body,Person,223,1F9D1+200D+1F9B2,person: bald
People and Body,Person,224,1F471+200D+2640+FE0F,woman: blond hair
People and Body,Person,225,1F471+200D+2642+FE0F,man: blond hair
People and Body,Person,226,1F9D3,older person
People and Body,Person,227,1F474,old man
People and Body,Person,228,1F475,old woman
People and Body,"Person, Gesture",229,1F64D,person frowning
People and Body,"Person, Gesture",230,1F64D+200D+2642+FE0F,man frowning
People and Body,"Person, Gesture",231,1F64D+200D+2640+FE0F,woman frowning
People and Body,"Person, Gesture",232,1F64E,person pouting
People and Body,"Person, Gesture",233,1F64E+200D+2642+FE0F,man pouting
People and Body,"Person, Gesture",234,1F64E+200D+2640+FE0F,woman pouting
People and Body,"Person, Gesture",235,1F645,person gesturing NO
People and Body,"Person, Gesture",236,1F645+200D+2642+FE0F,man gesturing NO
People and Body,"Person, Gesture",237,1F645+200D+2640+FE0F,woman gesturing NO
People and Body,"Person, Gesture",238,1F646,person gesturing OK
People and Body,"Person, Gesture",239,1F646+200D+2642+FE0F,man gesturing OK
People and Body,"Person, Gesture",240,1F646+200D+2640+FE0F,woman gesturing OK
People and Body,"Person, Gesture",241,1F481,person tipping hand
People and Body,"Person, Gesture",242,1F481+200D+2642+FE0F,man tipping hand
People and Body,"Person, Gesture",243,1F481+200D+2640+FE0F,woman tipping hand
People and Body,"Person, Gesture",244,1F64B,person raising hand
People and Body,"Person, Gesture",245,1F64B+200D+2642+FE0F,man raising hand
People and Body,"Person, Gesture",246,1F64B+200D+2640+FE0F,woman raising hand
People and Body,"Person, Gesture",247,1F9CF,deaf person
People and Body,"Person, Gesture",248,1F9CF+200D+2642+FE0F,deaf man
People and Body,"Person, Gesture",249,1F9CF+200D+2640+FE0F,deaf woman
People and Body,"Person, Gesture",250,1F647,person bowing
People and Body,"Person, Gesture",251,1F647+200D+2642+FE0F,man bowing
People and Body,"Person, Gesture",252,1F647+200D+2640+FE0F,woman bowing
People and Body,"Person, Gesture",253,1F926,person facepalming
People and Body,"Person, Gesture",254,1F926+200D+2642+FE0F,man facepalming
People and Body,"Person, Gesture",255,1F926+200D+2640+FE0F,woman facepalming
People and Body,"Person, Gesture",256,1F937,person shrugging
People and Body,"Person, Gesture",257,1F937+200D+2642+FE0F,man shrugging
People and Body,"Person, Gesture",258,1F937+200D+2640+FE0F,woman shrugging
People and Body,"Person, Role",259,1F9D1+200D+2695+FE0F,health worker
People and Body,"Person, Role",260,1F468+200D+2695+FE0F,man health worker
People and Body,"Person, Role",261,1F469+200D+2695+FE0F,woman health worker
People and Body,"Person, Role",262,1F9D1+200D+1F393,student
People and Body,"Person, Role",263,1F468+200D+1F393,man student
People and Body,"Person, Role",264,1F469+200D+1F393,woman student
People and Body,"Person, Role",265,1F9D1+200D+1F3EB,teacher
People and Body,"Person, Role",266,1F468+200D+1F3EB,man teacher
People and Body,"Person, Role",267,1F469+200D+1F3EB,woman teacher
People and Body,"Person, Role",268,1F9D1+200D+2696+FE0F,judge
People and Body,"Person, Role",269,1F468+200D+2696+FE0F,man judge
People and Body,"Person, Role",270,1F469+200D+2696+FE0F,woman judge
People and Body,"Person, Role",271,1F9D1+200D+1F33E,farmer
People and Body,"Person, Role",272,1F468+200D+1F33E,man farmer
People and Body,"Person, Role",273,1F469+200D+1F33E,woman farmer
People and Body,"Person, Role",274,1F9D1+200D+1F373,cook
People and Body,"Person, Role",275,1F468+200D+1F373,man cook
People and Body,"Person, Role",276,1F469+200D+1F373,woman cook
People and Body,"Person, Role",277,1F9D1+200D+1F527,mechanic
People and Body,"Person, Role",278,1F468+200D+1F527,man mechanic
People and Body,"Person, Role",279,1F469+200D+1F527,woman mechanic
People and Body,"Person, Role",280,1F9D1+200D+1F3ED,factory worker
People and Body,"Person, Role",281,1F468+200D+1F3ED,man factory worker
People and Body,"Person, Role",282,1F469+200D+1F3ED,woman factory worker
People and Body,"Person, Role",283,1F9D1+200D+1F4BC,office worker
People and Body,"Person, Role",284,1F468+200D+1F4BC,man office worker
People and Body,"Person, Role",285,1F469+200D+1F4BC,woman office worker
People and Body,"Person, Role",286,1F9D1+200D+1F52C,scientist
People and Body,"Person, Role",287,1F468+200D+1F52C,man scientist
People and Body,"Person, Role",288,1F469+200D+1F52C,woman scientist
People and Body,"Person, Role",289,1F9D1+200D+1F4BB,technologist
People and Body,"Person, Role",290,1F468+200D+1F4BB,man technologist
People and Body,"Person, Role",291,1F469+200D+1F4BB,woman technologist
People and Body,"Person, Role",292,1F9D1+200D+1F3A4,singer
People and Body,"Person, Role",293,1F468+200D+1F3A4,man singer
People and Body,"Person, Role",294,1F469+200D+1F3A4,woman singer
People and Body,"Person, Role",295,1F9D1+200D+1F3A8,artist
People and Body,"Person, Role",296,1F468+200D+1F3A8,man artist
People and Body,"Person, Role",297,1F469+200D+1F3A8,woman artist
People and Body,"Person, Role",298,1F9D1+200D+2708+FE0F,pilot
People and Body,"Person, Role",299,1F468+200D+2708+FE0F,man pilot
People and Body,"Person, Role",300,1F469+200D+2708+FE0F,woman pilot
People and Body,"Person, Role",301,1F9D1+200D+1F680,astronaut
People and Body,"Person, Role",302,1F468+200D+1F680,man astronaut
People and Body,"Person, Role",303,1F469+200D+1F680,woman astronaut
People and Body,"Person, Role",304,1F9D1+200D+1F692,firefighter
People and Body,"Person, Role",305,1F468+200D+1F692,man firefighter
People and Body,"Person, Role",306,1F469+200D+1F692,woman firefighter
People and Body,"Person, Role",307,1F46E,police officer
People and Body,"Person, Role",308,1F46E+200D+2642+FE0F,man police officer
People and Body,"Person, Role",309,1F46E+200D+2640+FE0F,woman police officer
People and Body,"Person, Role",310,1F575,detective
People and Body,"Person, Role",311,1F575+FE0F+200D+2642+FE0F,man detective
People and Body,"Person, Role",312,1F575+FE0F+200D+2640+FE0F,woman detective
People and Body,"Person, Role",313,1F482,guard
People and Body,"Person, Role",314,1F482+200D+2642+FE0F,man guard
People and Body,"Person, Role",315,1F482+200D+2640+FE0F,woman guard
People and Body,"Person, Role",316,1F977,⊛ ninja
People and Body,"Person, Role",317,1F477,construction worker
People and Body,"Person, Role",318,1F477+200D+2642+FE0F,man construction worker
People and Body,"Person, Role",319,1F477+200D+2640+FE0F,woman construction worker
People and Body,"Person, Role",320,1F934,prince
People and Body,"Person, Role",321,1F478,princess
People and Body,"Person, Role",322,1F473,person wearing turban
People and Body,"Person, Role",323,1F473+200D+2642+FE0F,man wearing turban
People and Body,"Person, Role",324,1F473+200D+2640+FE0F,woman wearing turban
People and Body,"Person, Role",325,1F472,person with skullcap
People and Body,"Person, Role",326,1F9D5,woman with headscarf
People and Body,"Person, Role",327,1F935,person in tuxedo
People and Body,"Person, Role",328,1F935+200D+2642+FE0F,⊛ man in tuxedo
People and Body,"Person, Role",329,1F935+200D+2640+FE0F,⊛ woman in tuxedo
People and Body,"Person, Role",330,1F470,person with veil
People and Body,"Person, Role",331,1F470+200D+2642+FE0F,
People and Body,"Person, Role",332,1F470+200D+2640+FE0F,
People and Body,"Person, Role",333,1F930,pregnant woman
People and Body,"Person, Role",334,1F931,breast-feeding
People and Body,"Person, Role",335,1F469+200D+1F37C,
People and Body,"Person, Role",336,1F468+200D+1F37C,
People and Body,"Person, Role",337,1F9D1+200D+1F37C,
People and Body,"Person, Fantasy",338,1F47C,baby angel
People and Body,"Person, Fantasy",339,1F385,Santa Claus
People and Body,"Person, Fantasy",340,1F936,Mrs. Claus
People and Body,"Person, Fantasy",341,1F9D1+200D+1F384,
People and Body,"Person, Fantasy",342,1F9B8,superhero
People and Body,"Person, Fantasy",343,1F9B8+200D+2642+FE0F,man superhero
People and Body,"Person, Fantasy",344,1F9B8+200D+2640+FE0F,woman superhero
People and Body,"Person, Fantasy",345,1F9B9,supervillain
People and Body,"Person, Fantasy",346,1F9B9+200D+2642+FE0F,man supervillain
People and Body,"Person, Fantasy",347,1F9B9+200D+2640+FE0F,woman supervillain
People and Body,"Person, Fantasy",348,1F9D9,mage
People and Body,"Person, Fantasy",349,1F9D9+200D+2642+FE0F,man mage
People and Body,"Person, Fantasy",350,1F9D9+200D+2640+FE0F,woman mage
People and Body,"Person, Fantasy",351,1F9DA,fairy
People and Body,"Person, Fantasy",352,1F9DA+200D+2642+FE0F,man fairy
People and Body,"Person, Fantasy",353,1F9DA+200D+2640+FE0F,woman fairy
People and Body,"Person, Fantasy",354,1F9DB,vampire
People and Body,"Person, Fantasy",355,1F9DB+200D+2642+FE0F,man vampire
People and Body,"Person, Fantasy",356,1F9DB+200D+2640+FE0F,woman vampire
People and Body,"Person, Fantasy",357,1F9DC,merperson
People and Body,"Person, Fantasy",358,1F9DC+200D+2642+FE0F,merman
People and Body,"Person, Fantasy",359,1F9DC+200D+2640+FE0F,mermaid
People and Body,"Person, Fantasy",360,1F9DD,elf
People and Body,"Person, Fantasy",361,1F9DD+200D+2642+FE0F,man elf
People and Body,"Person, Fantasy",362,1F9DD+200D+2640+FE0F,woman elf
People and Body,"Person, Fantasy",363,1F9DE,genie
People and Body,"Person, Fantasy",364,1F9DE+200D+2642+FE0F,man genie
People and Body,"Person, Fantasy",365,1F9DE+200D+2640+FE0F,woman genie
People and Body,"Person, Fantasy",366,1F9DF,zombie
People and Body,"Person, Fantasy",367,1F9DF+200D+2642+FE0F,man zombie
People and Body,"Person, Fantasy",368,1F9DF+200D+2640+FE0F,woman zombie
People and Body,"Person, Activity",369,1F486,person getting massage
People and Body,"Person, Activity",370,1F486+200D+2642+FE0F,man getting massage
People and Body,"Person, Activity",371,1F486+200D+2640+FE0F,woman getting massage
People and Body,"Person, Activity",372,1F487,person getting haircut
People and Body,"Person, Activity",373,1F487+200D+2642+FE0F,man getting haircut
People and Body,"Person, Activity",374,1F487+200D+2640+FE0F,woman getting haircut
People and Body,"Person, Activity",375,1F6B6,person walking
People and Body,"Person, Activity",376,1F6B6+200D+2642+FE0F,man walking
People and Body,"Person, Activity",377,1F6B6+200D+2640+FE0F,woman walking
People and Body,"Person, Activity",378,1F9CD,person standing
People and Body,"Person, Activity",379,1F9CD+200D+2642+FE0F,man standing
People and Body,"Person, Activity",380,1F9CD+200D+2640+FE0F,woman standing
People and Body,"Person, Activity",381,1F9CE,person kneeling
People and Body,"Person, Activity",382,1F9CE+200D+2642+FE0F,man kneeling
People and Body,"Person, Activity",383,1F9CE+200D+2640+FE0F,woman kneeling
People and Body,"Person, Activity",384,1F9D1+200D+1F9AF,person with white cane
People and Body,"Person, Activity",385,1F468+200D+1F9AF,man with white cane
People and Body,"Person, Activity",386,1F469+200D+1F9AF,woman with white cane
People and Body,"Person, Activity",387,1F9D1+200D+1F9BC,person in motorized wheelchair
People and Body,"Person, Activity",388,1F468+200D+1F9BC,man in motorized wheelchair
People and Body,"Person, Activity",389,1F469+200D+1F9BC,woman in motorized wheelchair
People and Body,"Person, Activity",390,1F9D1+200D+1F9BD,person in manual wheelchair
People and Body,"Person, Activity",391,1F468+200D+1F9BD,man in manual wheelchair
People and Body,"Person, Activity",392,1F469+200D+1F9BD,woman in manual wheelchair
People and Body,"Person, Activity",393,1F3C3,person running
People and Body,"Person, Activity",394,1F3C3+200D+2642+FE0F,man running
People and Body,"Person, Activity",395,1F3C3+200D+2640+FE0F,woman running
People and Body,"Person, Activity",396,1F483,woman dancing
People and Body,"Person, Activity",397,1F57A,man dancing
People and Body,"Person, Activity",398,1F574,person in suit levitating
People and Body,"Person, Activity",399,1F46F,people with bunny ears
People and Body,"Person, Activity",400,1F46F+200D+2642+FE0F,men with bunny ears
People and Body,"Person, Activity",401,1F46F+200D+2640+FE0F,women with bunny ears
People and Body,"Person, Activity",402,1F9D6,person in steamy room
People and Body,"Person, Activity",403,1F9D6+200D+2642+FE0F,man in steamy room
People and Body,"Person, Activity",404,1F9D6+200D+2640+FE0F,woman in steamy room
People and Body,"Person, Activity",405,1F9D7,person climbing
People and Body,"Person, Activity",406,1F9D7+200D+2642+FE0F,man climbing
People and Body,"Person, Activity",407,1F9D7+200D+2640+FE0F,woman climbing
People and Body,"Person, Sport",408,1F93A,person fencing
People and Body,"Person, Sport",409,1F3C7,horse racing
People and Body,"Person, Sport",410,26F7,skier
People and Body,"Person, Sport",411,1F3C2,snowboarder
People and Body,"Person, Sport",412,1F3CC,person golfing
People and Body,"Person, Sport",413,1F3CC+FE0F+200D+2642+FE0F,man golfing
People and Body,"Person, Sport",414,1F3CC+FE0F+200D+2640+FE0F,woman golfing
People and Body,"Person, Sport",415,1F3C4,person surfing
People and Body,"Person, Sport",416,1F3C4+200D+2642+FE0F,man surfing
People and Body,"Person, Sport",417,1F3C4+200D+2640+FE0F,woman surfing
People and Body,"Person, Sport",418,1F6A3,person rowing boat
People and Body,"Person, Sport",419,1F6A3+200D+2642+FE0F,man rowing boat
People and Body,"Person, Sport",420,1F6A3+200D+2640+FE0F,woman rowing boat
People and Body,"Person, Sport",421,1F3CA,person swimming
People and Body,"Person, Sport",422,1F3CA+200D+2642+FE0F,man swimming
People and Body,"Person, Sport",423,1F3CA+200D+2640+FE0F,woman swimming
People and Body,"Person, Sport",424,26F9,person bouncing ball
People and Body,"Person, Sport",425,26F9+FE0F+200D+2642+FE0F,man bouncing ball
People and Body,"Person, Sport",426,26F9+FE0F+200D+2640+FE0F,woman bouncing ball
People and Body,"Person, Sport",427,1F3CB,person lifting weights
People and Body,"Person, Sport",428,1F3CB+FE0F+200D+2642+FE0F,man lifting weights
People and Body,"Person, Sport",429,1F3CB+FE0F+200D+2640+FE0F,woman lifting weights
People and Body,"Person, Sport",430,1F6B4,person biking
People and Body,"Person, Sport",431,1F6B4+200D+2642+FE0F,man biking
People and Body,"Person, Sport",432,1F6B4+200D+2640+FE0F,woman biking
People and Body,"Person, Sport",433,1F6B5,person mountain biking
People and Body,"Person, Sport",434,1F6B5+200D+2642+FE0F,man mountain biking
People and Body,"Person, Sport",435,1F6B5+200D+2640+FE0F,woman mountain biking
People and Body,"Person, Sport",436,1F938,person cartwheeling
People and Body,"Person, Sport",437,1F938+200D+2642+FE0F,man cartwheeling
People and Body,"Person, Sport",438,1F938+200D+2640+FE0F,woman cartwheeling
People and Body,"Person, Sport",439,1F93C,people wrestling
People and Body,"Person, Sport",440,1F93C+200D+2642+FE0F,men wrestling
People and Body,"Person, Sport",441,1F93C+200D+2640+FE0F,women wrestling
People and Body,"Person, Sport",442,1F93D,person playing water polo
People and Body,"Person, Sport",443,1F93D+200D+2642+FE0F,man playing water polo
People and Body,"Person, Sport",444,1F93D+200D+2640+FE0F,woman playing water polo
People and Body,"Person, Sport",445,1F93E,person playing handball
People and Body,"Person, Sport",446,1F93E+200D+2642+FE0F,man playing handball
People and Body,"Person, Sport",447,1F93E+200D+2640+FE0F,woman playing handball
People and Body,"Person, Sport",448,1F939,person juggling
People and Body,"Person, Sport",449,1F939+200D+2642+FE0F,man juggling
People and Body,"Person, Sport",450,1F939+200D+2640+FE0F,woman juggling
People and Body,"Person, Resting",451,1F9D8,person in lotus position
People and Body,"Person, Resting",452,1F9D8+200D+2642+FE0F,man in lotus position
People and Body,"Person, Resting",453,1F9D8+200D+2640+FE0F,woman in lotus position
People and Body,"Person, Resting",454,1F6C0,person taking bath
People and Body,"Person, Resting",455,1F6CC,person in bed
People and Body,Family,456,1F9D1+200D+1F91D+200D+1F9D1,people holding hands
People and Body,Family,457,1F46D,women holding hands
People and Body,Family,458,1F46B,woman and man holding hands
People and Body,Family,459,1F46C,men holding hands
People and Body,Family,460,1F48F,kiss
People and Body,Family,461,1F469+200D+2764+FE0F+200D+1F48B+200D+1F468,"kiss: woman, man"
People and Body,Family,462,1F468+200D+2764+FE0F+200D+1F48B+200D+1F468,"kiss: man, man"
People and Body,Family,463,1F469+200D+2764+FE0F+200D+1F48B+200D+1F469,"kiss: woman, woman"
People and Body,Family,464,1F491,couple with heart
People and Body,Family,465,1F469+200D+2764+FE0F+200D+1F468,"couple with heart: woman, man"
People and Body,Family,466,1F468+200D+2764+FE0F+200D+1F468,"couple with heart: man, man"
People and Body,Family,467,1F469+200D+2764+FE0F+200D+1F469,"couple with heart: woman, woman"
People and Body,Family,468,1F46A,family
People and Body,Family,469,1F468+200D+1F469+200D+1F466,"family: man, woman, boy"
People and Body,Family,470,1F468+200D+1F469+200D+1F467,"family: man, woman, girl"
People and Body,Family,471,1F468+200D+1F469+200D+1F467+200D+1F466,"family: man, woman, girl, boy"
People and Body,Family,472,1F468+200D+1F469+200D+1F466+200D+1F466,"family: man, woman, boy, boy"
People and Body,Family,473,1F468+200D+1F469+200D+1F467+200D+1F467,"family: man, woman, girl, girl"
People and Body,Family,474,1F468+200D+1F468+200D+1F466,"family: man, man, boy"
People and Body,Family,475,1F468+200D+1F468+200D+1F467,"family: man, man, girl"
People and Body,Family,476,1F468+200D+1F468+200D+1F467+200D+1F466,"family: man, man, girl, boy"
People and Body,Family,477,1F468+200D+1F468+200D+1F466+200D+1F466,"family: man, man, boy, boy"
People and Body,Family,478,1F468+200D+1F468+200D+1F467+200D+1F467,"family: man, man, girl, girl"
People and Body,Family,479,1F469+200D+1F469+200D+1F466,"family: woman, woman, boy"
People and Body,Family,480,1F469+200D+1F469+200D+1F467,"family: woman, woman, girl"
People and Body,Family,481,1F469+200D+1F469+200D+1F467+200D+1F466,"family: woman, woman, girl, boy"
People and Body,Family,482,1F469+200D+1F469+200D+1F466+200D+1F466,"family: woman, woman, boy, boy"
People and Body,Family,483,1F469+200D+1F469+200D+1F467+200D+1F467,"family: woman, woman, girl, girl"
People and Body,Family,484,1F468+200D+1F466,"family: man, boy"
People and Body,Family,485,1F468+200D+1F466+200D+1F466,"family: man, boy, boy"
People and Body,Family,486,1F468+200D+1F467,"family: man, girl"
People and Body,Family,487,1F468+200D+1F467+200D+1F466,"family: man, girl, boy"
People and Body,Family,488,1F468+200D+1F467+200D+1F467,"family: man, girl, girl"
People and Body,Family,489,1F469+200D+1F466,"family: woman, boy"
People and Body,Family,490,1F469+200D+1F466+200D+1F466,"family: woman, boy, boy"
People and Body,Family,491,1F469+200D+1F467,"family: woman, girl"
People and Body,Family,492,1F469+200D+1F467+200D+1F466,"family: woman, girl, boy"
People and Body,Family,493,1F469+200D+1F467+200D+1F467,"family: woman, girl, girl"
People and Body,"Person, Symbol",494,1F5E3,speaking head
People and Body,"Person, Symbol",495,1F464,bust in silhouette
People and Body,"Person, Symbol",496,1F465,busts in silhouette
People and Body,"Person, Symbol",497,1FAC2,⊛ people hugging
People and Body,"Person, Symbol",498,1F463,footprints
Component,Hair Style,499,1F9B0,red hair
Component,Hair Style,500,1F9B1,curly hair
Component,Hair Style,501,1F9B3,white hair
Component,Hair Style,502,1F9B2,bald
Animals and Nature,"Animal, Mammal",503,1F435,monkey face
Animals and Nature,"Animal, Mammal",504,1F412,monkey
Animals and Nature,"Animal, Mammal",505,1F98D,gorilla
Animals and Nature,"Animal, Mammal",506,1F9A7,orangutan
Animals and Nature,"Animal, Mammal",507,1F436,dog face
Animals and Nature,"Animal, Mammal",508,1F415,dog
Animals and Nature,"Animal, Mammal",509,1F9AE,guide dog
Animals and Nature,"Animal, Mammal",510,1F415+200D+1F9BA,service dog
Animals and Nature,"Animal, Mammal",511,1F429,poodle
Animals and Nature,"Animal, Mammal",512,1F43A,wolf
Animals and Nature,"Animal, Mammal",513,1F98A,fox
Animals and Nature,"Animal, Mammal",514,1F99D,raccoon
Animals and Nature,"Animal, Mammal",515,1F431,cat face
Animals and Nature,"Animal, Mammal",516,1F408,cat
Animals and Nature,"Animal, Mammal",517,1F408+200D+2B1B,
Animals and Nature,"Animal, Mammal",518,1F981,lion
Animals and Nature,"Animal, Mammal",519,1F42F,tiger face
Animals and Nature,"Animal, Mammal",520,1F405,tiger
Animals and Nature,"Animal, Mammal",521,1F406,leopard
Animals and Nature,"Animal, Mammal",522,1F434,horse face
Animals and Nature,"Animal, Mammal",523,1F40E,horse
Animals and Nature,"Animal, Mammal",524,1F984,unicorn
Animals and Nature,"Animal, Mammal",525,1F993,zebra
Animals and Nature,"Animal, Mammal",526,1F98C,deer
Animals and Nature,"Animal, Mammal",527,1F9AC,
Animals and Nature,"Animal, Mammal",528,1F42E,cow face
Animals and Nature,"Animal, Mammal",529,1F402,ox
Animals and Nature,"Animal, Mammal",530,1F403,water buffalo
Animals and Nature,"Animal, Mammal",531,1F404,cow
Animals and Nature,"Animal, Mammal",532,1F437,pig face
Animals and Nature,"Animal, Mammal",533,1F416,pig
Animals and Nature,"Animal, Mammal",534,1F417,boar
Animals and Nature,"Animal, Mammal",535,1F43D,pig nose
Animals and Nature,"Animal, Mammal",536,1F40F,ram
Animals and Nature,"Animal, Mammal",537,1F411,ewe
Animals and Nature,"Animal, Mammal",538,1F410,goat
Animals and Nature,"Animal, Mammal",539,1F42A,camel
Animals and Nature,"Animal, Mammal",540,1F42B,two-hump camel
Animals and Nature,"Animal, Mammal",541,1F999,llama
Animals and Nature,"Animal, Mammal",542,1F992,giraffe
Animals and Nature,"Animal, Mammal",543,1F418,elephant
Animals and Nature,"Animal, Mammal",544,1F9A3,
Animals and Nature,"Animal, Mammal",545,1F98F,rhinoceros
Animals and Nature,"Animal, Mammal",546,1F99B,hippopotamus
Animals and Nature,"Animal, Mammal",547,1F42D,mouse face
Animals and Nature,"Animal, Mammal",548,1F401,mouse
Animals and Nature,"Animal, Mammal",549,1F400,rat
Animals and Nature,"Animal, Mammal",550,1F439,hamster
Animals and Nature,"Animal, Mammal",551,1F430,rabbit face
Animals and Nature,"Animal, Mammal",552,1F407,rabbit
Animals and Nature,"Animal, Mammal",553,1F43F,chipmunk
Animals and Nature,"Animal, Mammal",554,1F9AB,
Animals and Nature,"Animal, Mammal",555,1F994,hedgehog
Animals and Nature,"Animal, Mammal",556,1F987,bat
Animals and Nature,"Animal, Mammal",557,1F43B,bear
Animals and Nature,"Animal, Mammal",558,1F43B+200D+2744+FE0F,⊛ polar bear
Animals and Nature,"Animal, Mammal",559,1F428,koala
Animals and Nature,"Animal, Mammal",560,1F43C,panda
Animals and Nature,"Animal, Mammal",561,1F9A5,sloth
Animals and Nature,"Animal, Mammal",562,1F9A6,otter
Animals and Nature,"Animal, Mammal",563,1F9A8,skunk
Animals and Nature,"Animal, Mammal",564,1F998,kangaroo
Animals and Nature,"Animal, Mammal",565,1F9A1,badger
Animals and Nature,"Animal, Mammal",566,1F43E,paw prints
Animals and Nature,"Animal, Bird",567,1F983,turkey
Animals and Nature,"Animal, Bird",568,1F414,chicken
Animals and Nature,"Animal, Bird",569,1F413,rooster
Animals and Nature,"Animal, Bird",570,1F423,hatching chick
Animals and Nature,"Animal, Bird",571,1F424,baby chick
Animals and Nature,"Animal, Bird",572,1F425,front-facing baby chick
Animals and Nature,"Animal, Bird",573,1F426,bird
Animals and Nature,"Animal, Bird",574,1F427,penguin
Animals and Nature,"Animal, Bird",575,1F54A,dove
Animals and Nature,"Animal, Bird",576,1F985,eagle
Animals and Nature,"Animal, Bird",577,1F986,duck
Animals and Nature,"Animal, Bird",578,1F9A2,swan
Animals and Nature,"Animal, Bird",579,1F989,owl
Animals and Nature,"Animal, Bird",580,1F9A4,
Animals and Nature,"Animal, Bird",581,1FAB6,⊛ feather
Animals and Nature,"Animal, Bird",582,1F9A9,flamingo
Animals and Nature,"Animal, Bird",583,1F99A,peacock
Animals and Nature,"Animal, Bird",584,1F99C,parrot
Animals and Nature,"Animal, Amphibian",585,1F438,frog
Animals and Nature,"Animal, Reptile",586,1F40A,crocodile
Animals and Nature,"Animal, Reptile",587,1F422,turtle
Animals and Nature,"Animal, Reptile",588,1F98E,lizard
Animals and Nature,"Animal, Reptile",589,1F40D,snake
Animals and Nature,"Animal, Reptile",590,1F432,dragon face
Animals and Nature,"Animal, Reptile",591,1F409,dragon
Animals and Nature,"Animal, Reptile",592,1F995,sauropod
Animals and Nature,"Animal, Reptile",593,1F996,T-Rex
Animals and Nature,"Animal, Marine",594,1F433,spouting whale
Animals and Nature,"Animal, Marine",595,1F40B,whale
Animals and Nature,"Animal, Marine",596,1F42C,dolphin
Animals and Nature,"Animal, Marine",597,1F9AD,
Animals and Nature,"Animal, Marine",598,1F41F,fish
Animals and Nature,"Animal, Marine",599,1F420,tropical fish
Animals and Nature,"Animal, Marine",600,1F421,blowfish
Animals and Nature,"Animal, Marine",601,1F988,shark
Animals and Nature,"Animal, Marine",602,1F419,octopus
Animals and Nature,"Animal, Marine",603,1F41A,spiral shell
Animals and Nature,"Animal, Bug",604,1F40C,snail
Animals and Nature,"Animal, Bug",605,1F98B,butterfly
Animals and Nature,"Animal, Bug",606,1F41B,bug
Animals and Nature,"Animal, Bug",607,1F41C,ant
Animals and Nature,"Animal, Bug",608,1F41D,honeybee
Animals and Nature,"Animal, Bug",609,1FAB2,
Animals and Nature,"Animal, Bug",610,1F41E,lady beetle
Animals and Nature,"Animal, Bug",611,1F997,cricket
Animals and Nature,"Animal, Bug",612,1FAB3,
Animals and Nature,"Animal, Bug",613,1F577,spider
Animals and Nature,"Animal, Bug",614,1F578,spider web
Animals and Nature,"Animal, Bug",615,1F982,scorpion
Animals and Nature,"Animal, Bug",616,1F99F,mosquito
Animals and Nature,"Animal, Bug",617,1FAB0,
Animals and Nature,"Animal, Bug",618,1FAB1,
Animals and Nature,"Animal, Bug",619,1F9A0,microbe
Animals and Nature,"Plant, Flower",620,1F490,bouquet
Animals and Nature,"Plant, Flower",621,1F338,cherry blossom
Animals and Nature,"Plant, Flower",622,1F4AE,white flower
Animals and Nature,"Plant, Flower",623,1F3F5,rosette
Animals and Nature,"Plant, Flower",624,1F339,rose
Animals and Nature,"Plant, Flower",625,1F940,wilted flower
Animals and Nature,"Plant, Flower",626,1F33A,hibiscus
Animals and Nature,"Plant, Flower",627,1F33B,sunflower
Animals and Nature,"Plant, Flower",628,1F33C,blossom
Animals and Nature,"Plant, Flower",629,1F337,tulip
Animals and Nature,"Plant, Other",630,1F331,seedling
Animals and Nature,"Plant, Other",631,1FAB4,⊛ potted plant
Animals and Nature,"Plant, Other",632,1F332,evergreen tree
Animals and Nature,"Plant, Other",633,1F333,deciduous tree
Animals and Nature,"Plant, Other",634,1F334,palm tree
Animals and Nature,"Plant, Other",635,1F335,cactus
Animals and Nature,"Plant, Other",636,1F33E,sheaf of rice
Animals and Nature,"Plant, Other",637,1F33F,herb
Animals and Nature,"Plant, Other",638,2618,shamrock
Animals and Nature,"Plant, Other",639,1F340,four leaf clover
Animals and Nature,"Plant, Other",640,1F341,maple leaf
Animals and Nature,"Plant, Other",641,1F342,fallen leaf
Animals and Nature,"Plant, Other",642,1F343,leaf fluttering in wind
Food and Drink,"Food, Fruit",643,1F347,grapes
Food and Drink,"Food, Fruit",644,1F348,melon
Food and Drink,"Food, Fruit",645,1F349,watermelon
Food and Drink,"Food, Fruit",646,1F34A,tangerine
Food and Drink,"Food, Fruit",647,1F34B,lemon
Food and Drink,"Food, Fruit",648,1F34C,banana
Food and Drink,"Food, Fruit",649,1F34D,pineapple
Food and Drink,"Food, Fruit",650,1F96D,mango
Food and Drink,"Food, Fruit",651,1F34E,red apple
Food and Drink,"Food, Fruit",652,1F34F,green apple
Food and Drink,"Food, Fruit",653,1F350,pear
Food and Drink,"Food, Fruit",654,1F351,peach
Food and Drink,"Food, Fruit",655,1F352,cherries
Food and Drink,"Food, Fruit",656,1F353,strawberry
Food and Drink,"Food, Fruit",657,1FAD0,⊛ blueberries
Food and Drink,"Food, Fruit",658,1F95D,kiwi fruit
Food and Drink,"Food, Fruit",659,1F345,tomato
Food and Drink,"Food, Fruit",660,1FAD2,⊛ olive
Food and Drink,"Food, Fruit",661,1F965,coconut
Food and Drink,"Food, Vegetable",662,1F951,avocado
Food and Drink,"Food, Vegetable",663,1F346,eggplant
Food and Drink,"Food, Vegetable",664,1F954,potato
Food and Drink,"Food, Vegetable",665,1F955,carrot
Food and Drink,"Food, Vegetable",666,1F33D,ear of corn
Food and Drink,"Food, Vegetable",667,1F336,hot pepper
Food and Drink,"Food, Vegetable",668,1FAD1,
Food and Drink,"Food, Vegetable",669,1F952,cucumber
Food and Drink,"Food, Vegetable",670,1F96C,leafy green
Food and Drink,"Food, Vegetable",671,1F966,broccoli
Food and Drink,"Food, Vegetable",672,1F9C4,garlic
Food and Drink,"Food, Vegetable",673,1F9C5,onion
Food and Drink,"Food, Vegetable",674,1F344,mushroom
Food and Drink,"Food, Vegetable",675,1F95C,peanuts
Food and Drink,"Food, Vegetable",676,1F330,chestnut
Food and Drink,"Food, Prepared",677,1F35E,bread
Food and Drink,"Food, Prepared",678,1F950,croissant
Food and Drink,"Food, Prepared",679,1F956,baguette bread
Food and Drink,"Food, Prepared",680,1FAD3,⊛ flatbread
Food and Drink,"Food, Prepared",681,1F968,pretzel
Food and Drink,"Food, Prepared",682,1F96F,bagel
Food and Drink,"Food, Prepared",683,1F95E,pancakes
Food and Drink,"Food, Prepared",684,1F9C7,waffle
Food and Drink,"Food, Prepared",685,1F9C0,cheese wedge
Food and Drink,"Food, Prepared",686,1F356,meat on bone
Food and Drink,"Food, Prepared",687,1F357,poultry leg
Food and Drink,"Food, Prepared",688,1F969,cut of meat
Food and Drink,"Food, Prepared",689,1F953,bacon
Food and Drink,"Food, Prepared",690,1F354,hamburger
Food and Drink,"Food, Prepared",691,1F35F,french fries
Food and Drink,"Food, Prepared",692,1F355,pizza
Food and Drink,"Food, Prepared",693,1F32D,hot dog
Food and Drink,"Food, Prepared",694,1F96A,sandwich
Food and Drink,"Food, Prepared",695,1F32E,taco
Food and Drink,"Food, Prepared",696,1F32F,burrito
Food and Drink,"Food, Prepared",697,1FAD4,⊛ tamale
Food and Drink,"Food, Prepared",698,1F959,stuffed flatbread
Food and Drink,"Food, Prepared",699,1F9C6,falafel
Food and Drink,"Food, Prepared",700,1F95A,egg
Food and Drink,"Food, Prepared",701,1F373,cooking
Food and Drink,"Food, Prepared",702,1F958,shallow pan of food
Food and Drink,"Food, Prepared",703,1F372,pot of food
Food and Drink,"Food, Prepared",704,1FAD5,⊛ fondue
Food and Drink,"Food, Prepared",705,1F963,bowl with spoon
Food and Drink,"Food, Prepared",706,1F957,green salad
Food and Drink,"Food, Prepared",707,1F37F,popcorn
Food and Drink,"Food, Prepared",708,1F9C8,butter
Food and Drink,"Food, Prepared",709,1F9C2,salt
Food and Drink,"Food, Prepared",710,1F96B,canned food
Food and Drink,"Food, Asian",711,1F371,bento box
Food and Drink,"Food, Asian",712,1F358,rice cracker
Food and Drink,"Food, Asian",713,1F359,rice ball
Food and Drink,"Food, Asian",714,1F35A,cooked rice
Food and Drink,"Food, Asian",715,1F35B,curry rice
Food and Drink,"Food, Asian",716,1F35C,steaming bowl
Food and Drink,"Food, Asian",717,1F35D,spaghetti
Food and Drink,"Food, Asian",718,1F360,roasted sweet potato
Food and Drink,"Food, Asian",719,1F362,oden
Food and Drink,"Food, Asian",720,1F363,sushi
Food and Drink,"Food, Asian",721,1F364,fried shrimp
Food and Drink,"Food, Asian",722,1F365,fish cake with swirl
Food and Drink,"Food, Asian",723,1F96E,moon cake
Food and Drink,"Food, Asian",724,1F361,dango
Food and Drink,"Food, Asian",725,1F95F,dumpling
Food and Drink,"Food, Asian",726,1F960,fortune cookie
Food and Drink,"Food, Asian",727,1F961,takeout box
Food and Drink,"Food, Marine",728,1F980,crab
Food and Drink,"Food, Marine",729,1F99E,lobster
Food and Drink,"Food, Marine",730,1F990,shrimp
Food and Drink,"Food, Marine",731,1F991,squid
Food and Drink,"Food, Marine",732,1F9AA,oyster
Food and Drink,"Food, Sweet",733,1F366,soft ice cream
Food and Drink,"Food, Sweet",734,1F367,shaved ice
Food and Drink,"Food, Sweet",735,1F368,ice cream
Food and Drink,"Food, Sweet",736,1F369,doughnut
Food and Drink,"Food, Sweet",737,1F36A,cookie
Food and Drink,"Food, Sweet",738,1F382,birthday cake
Food and Drink,"Food, Sweet",739,1F370,shortcake
Food and Drink,"Food, Sweet",740,1F9C1,cupcake
Food and Drink,"Food, Sweet",741,1F967,pie
Food and Drink,"Food, Sweet",742,1F36B,chocolate bar
Food and Drink,"Food, Sweet",743,1F36C,candy
Food and Drink,"Food, Sweet",744,1F36D,lollipop
Food and Drink,"Food, Sweet",745,1F36E,custard
Food and Drink,"Food, Sweet",746,1F36F,honey pot
Food and Drink,Drink,747,1F37C,baby bottle
Food and Drink,Drink,748,1F95B,glass of milk
Food and Drink,Drink,749,2615,hot beverage
Food and Drink,Drink,750,1FAD6,teapot
Food and Drink,Drink,751,1F375,teacup without handle
Food and Drink,Drink,752,1F376,sake
Food and Drink,Drink,753,1F37E,bottle with popping cork
Food and Drink,Drink,754,1F377,wine glass
Food and Drink,Drink,755,1F378,cocktail glass
Food and Drink,Drink,756,1F379,tropical drink
Food and Drink,Drink,757,1F37A,beer mug
Food and Drink,Drink,758,1F37B,clinking beer mugs
Food and Drink,Drink,759,1F942,clinking glasses
Food and Drink,Drink,760,1F943,tumbler glass
Food and Drink,Drink,761,1F964,cup with straw
Food and Drink,Drink,762,1F9CB,⊛ bubble tea
Food and Drink,Drink,763,1F9C3,beverage box
Food and Drink,Drink,764,1F9C9,mate
Food and Drink,Drink,765,1F9CA,ice
Food and Drink,Dishware,766,1F962,chopsticks
Food and Drink,Dishware,767,1F37D,fork and knife with plate
Food and Drink,Dishware,768,1F374,fork and knife
Food and Drink,Dishware,769,1F944,spoon
Food and Drink,Dishware,770,1F52A,kitchen knife
Food and Drink,Dishware,771,1F3FA,amphora
Travel and Places,"Place, Map",772,1F30D,globe showing Europe-Africa
Travel and Places,"Place, Map",773,1F30E,globe showing Americas
Travel and Places,"Place, Map",774,1F30F,globe showing Asia-Australia
Travel and Places,"Place, Map",775,1F310,globe with meridians
Travel and Places,"Place, Map",776,1F5FA,world map
Travel and Places,"Place, Map",777,1F5FE,map of Japan
Travel and Places,"Place, Map",778,1F9ED,compass
Travel and Places,"Place, Geographic",779,1F3D4,snow-capped mountain
Travel and Places,"Place, Geographic",780,26F0,mountain
Travel and Places,"Place, Geographic",781,1F30B,volcano
Travel and Places,"Place, Geographic",782,1F5FB,mount fuji
Travel and Places,"Place, Geographic",783,1F3D5,camping
Travel and Places,"Place, Geographic",784,1F3D6,beach with umbrella
Travel and Places,"Place, Geographic",785,1F3DC,desert
Travel and Places,"Place, Geographic",786,1F3DD,desert island
Travel and Places,"Place, Geographic",787,1F3DE,national park
Travel and Places,"Place, Building",788,1F3DF,stadium
Travel and Places,"Place, Building",789,1F3DB,classical building
Travel and Places,"Place, Building",790,1F3D7,building construction
Travel and Places,"Place, Building",791,1F9F1,brick
Travel and Places,"Place, Building",792,1FAA8,⊛ rock
Travel and Places,"Place, Building",793,1FAB5,⊛ wood
Travel and Places,"Place, Building",794,1F6D6,
Travel and Places,"Place, Building",795,1F3D8,houses
Travel and Places,"Place, Building",796,1F3DA,derelict house
Travel and Places,"Place, Building",797,1F3E0,house
Travel and Places,"Place, Building",798,1F3E1,house with garden
Travel and Places,"Place, Building",799,1F3E2,office building
Travel and Places,"Place, Building",800,1F3E3,Japanese post office
Travel and Places,"Place, Building",801,1F3E4,post office
Travel and Places,"Place, Building",802,1F3E5,hospital
Travel and Places,"Place, Building",803,1F3E6,bank
Travel and Places,"Place, Building",804,1F3E8,hotel
Travel and Places,"Place, Building",805,1F3E9,love hotel
Travel and Places,"Place, Building",806,1F3EA,convenience store
Travel and Places,"Place, Building",807,1F3EB,school
Travel and Places,"Place, Building",808,1F3EC,department store
Travel and Places,"Place, Building",809,1F3ED,factory
Travel and Places,"Place, Building",810,1F3EF,Japanese castle
Travel and Places,"Place, Building",811,1F3F0,castle
Travel and Places,"Place, Building",812,1F492,wedding
Travel and Places,"Place, Building",813,1F5FC,Tokyo tower
Travel and Places,"Place, Building",814,1F5FD,Statue of Liberty
Travel and Places,"Place, Religious",815,26EA,church
Travel and Places,"Place, Religious",816,1F54C,mosque
Travel and Places,"Place, Religious",817,1F6D5,hindu temple
Travel and Places,"Place, Religious",818,1F54D,synagogue
Travel and Places,"Place, Religious",819,2.60E+10,shinto shrine
Travel and Places,"Place, Religious",820,1F54B,kaaba
Travel and Places,"Place, Other",821,26F2,fountain
Travel and Places,"Place, Other",822,26FA,tent
Travel and Places,"Place, Other",823,1F301,foggy
Travel and Places,"Place, Other",824,1F303,night with stars
Travel and Places,"Place, Other",825,1F3D9,cityscape
Travel and Places,"Place, Other",826,1F304,sunrise over mountains
Travel and Places,"Place, Other",827,1F305,sunrise
Travel and Places,"Place, Other",828,1F306,cityscape at dusk
Travel and Places,"Place, Other",829,1F307,sunset
Travel and Places,"Place, Other",830,1F309,bridge at night
Travel and Places,"Place, Other",831,2668,hot springs
Travel and Places,"Place, Other",832,1F3A0,carousel horse
Travel and Places,"Place, Other",833,1F3A1,ferris wheel
Travel and Places,"Place, Other",834,1F3A2,roller coaster
Travel and Places,"Place, Other",835,1F488,barber pole
Travel and Places,"Place, Other",836,1F3AA,circus tent
Travel and Places,"Transport, Ground",837,1F682,locomotive
Travel and Places,"Transport, Ground",838,1F683,railway car
Travel and Places,"Transport, Ground",839,1F684,high-speed train
Travel and Places,"Transport, Ground",840,1F685,bullet train
Travel and Places,"Transport, Ground",841,1F686,train
Travel and Places,"Transport, Ground",842,1F687,metro
Travel and Places,"Transport, Ground",843,1F688,light rail
Travel and Places,"Transport, Ground",844,1F689,station
Travel and Places,"Transport, Ground",845,1F68A,tram
Travel and Places,"Transport, Ground",846,1F69D,monorail
Travel and Places,"Transport, Ground",847,1F69E,mountain railway
Travel and Places,"Transport, Ground",848,1F68B,tram car
Travel and Places,"Transport, Ground",849,1F68C,bus
Travel and Places,"Transport, Ground",850,1F68D,oncoming bus
Travel and Places,"Transport, Ground",851,1F68E,trolleybus
Travel and Places,"Transport, Ground",852,1F690,minibus
Travel and Places,"Transport, Ground",853,1F691,ambulance
Travel and Places,"Transport, Ground",854,1F692,fire engine
Travel and Places,"Transport, Ground",855,1F693,police car
Travel and Places,"Transport, Ground",856,1F694,oncoming police car
Travel and Places,"Transport, Ground",857,1F695,taxi
Travel and Places,"Transport, Ground",858,1F696,oncoming taxi
Travel and Places,"Transport, Ground",859,1F697,automobile
Travel and Places,"Transport, Ground",860,1F698,oncoming automobile
Travel and Places,"Transport, Ground",861,1F699,sport utility vehicle
Travel and Places,"Transport, Ground",862,1F6FB,
Travel and Places,"Transport, Ground",863,1F69A,delivery truck
Travel and Places,"Transport, Ground",864,1F69B,articulated lorry
Travel and Places,"Transport, Ground",865,1F69C,tractor
Travel and Places,"Transport, Ground",866,1F3CE,racing car
Travel and Places,"Transport, Ground",867,1F3CD,motorcycle
Travel and Places,"Transport, Ground",868,1F6F5,motor scooter
Travel and Places,"Transport, Ground",869,1F9BD,manual wheelchair
Travel and Places,"Transport, Ground",870,1F9BC,motorized wheelchair
Travel and Places,"Transport, Ground",871,1F6FA,auto rickshaw
Travel and Places,"Transport, Ground",872,1F6B2,bicycle
Travel and Places,"Transport, Ground",873,1F6F4,kick scooter
Travel and Places,"Transport, Ground",874,1F6F9,skateboard
Travel and Places,"Transport, Ground",875,1F6FC,⊛ roller skate
Travel and Places,"Transport, Ground",876,1F68F,bus stop
Travel and Places,"Transport, Ground",877,1F6E3,motorway
Travel and Places,"Transport, Ground",878,1F6E4,railway track
Travel and Places,"Transport, Ground",879,1F6E2,oil drum
Travel and Places,"Transport, Ground",880,26FD,fuel pump
Travel and Places,"Transport, Ground",881,1F6A8,police car light
Travel and Places,"Transport, Ground",882,1F6A5,horizontal traffic light
Travel and Places,"Transport, Ground",883,1F6A6,vertical traffic light
Travel and Places,"Transport, Ground",884,1F6D1,stop sign
Travel and Places,"Transport, Ground",885,1F6A7,construction
Travel and Places,"Transport, Water",886,2693,anchor
Travel and Places,"Transport, Water",887,26F5,sailboat
Travel and Places,"Transport, Water",888,1F6F6,canoe
Travel and Places,"Transport, Water",889,1F6A4,speedboat
Travel and Places,"Transport, Water",890,1F6F3,passenger ship
Travel and Places,"Transport, Water",891,26F4,ferry
Travel and Places,"Transport, Water",892,1F6E5,motor boat
Travel and Places,"Transport, Water",893,1F6A2,ship
Travel and Places,"Transport, Air",894,2708,airplane
Travel and Places,"Transport, Air",895,1F6E9,small airplane
Travel and Places,"Transport, Air",896,1F6EB,airplane departure
Travel and Places,"Transport, Air",897,1F6EC,airplane arrival
Travel and Places,"Transport, Air",898,1FA82,parachute
Travel and Places,"Transport, Air",899,1F4BA,seat
Travel and Places,"Transport, Air",900,1F681,helicopter
Travel and Places,"Transport, Air",901,1F69F,suspension railway
Travel and Places,"Transport, Air",902,1F6A0,mountain cableway
Travel and Places,"Transport, Air",903,1F6A1,aerial tramway
Travel and Places,"Transport, Air",904,1F6F0,satellite
Travel and Places,"Transport, Air",905,1F680,rocket
Travel and Places,"Transport, Air",906,1F6F8,flying saucer
Travel and Places,Hotel,907,1F6CE,bellhop bell
Travel and Places,Hotel,908,1F9F3,luggage
Travel and Places,Time,909,231B,hourglass done
Travel and Places,Time,910,23F3,hourglass not done
Travel and Places,Time,911,231A,watch
Travel and Places,Time,912,23F0,alarm clock
Travel and Places,Time,913,23F1,stopwatch
Travel and Places,Time,914,23F2,timer clock
Travel and Places,Time,915,1F570,mantelpiece clock
Travel and Places,Time,916,1F55B,twelve o’clock
Travel and Places,Time,917,1F567,twelve-thirty
Travel and Places,Time,918,1F550,one o’clock
Travel and Places,Time,919,1F55C,one-thirty
Travel and Places,Time,920,1F551,two o’clock
Travel and Places,Time,921,1F55D,two-thirty
Travel and Places,Time,922,1F552,three o’clock
Travel and Places,Time,923,1F55E,three-thirty
Travel and Places,Time,924,1F553,four o’clock
Travel and Places,Time,925,1F55F,four-thirty
Travel and Places,Time,926,1F554,five o’clock
Travel and Places,Time,927,1F560,five-thirty
Travel and Places,Time,928,1F555,six o’clock
Travel and Places,Time,929,1F561,six-thirty
Travel and Places,Time,930,1F556,seven o’clock
Travel and Places,Time,931,1F562,seven-thirty
Travel and Places,Time,932,1F557,eight o’clock
Travel and Places,Time,933,1F563,eight-thirty
Travel and Places,Time,934,1F558,nine o’clock
Travel and Places,Time,935,1F564,nine-thirty
Travel and Places,Time,936,1F559,ten o’clock
Travel and Places,Time,937,1F565,ten-thirty
Travel and Places,Time,938,1F55A,eleven o’clock
Travel and Places,Time,939,1F566,eleven-thirty
Travel and Places,Sky and Weather,940,1F311,new moon
Travel and Places,Sky and Weather,941,1F312,waxing crescent moon
Travel and Places,Sky and Weather,942,1F313,first quarter moon
Travel and Places,Sky and Weather,943,1F314,waxing gibbous moon
Travel and Places,Sky and Weather,944,1F315,full moon
Travel and Places,Sky and Weather,945,1F316,waning gibbous moon
Travel and Places,Sky and Weather,946,1F317,last quarter moon
Travel and Places,Sky and Weather,947,1F318,waning crescent moon
Travel and Places,Sky and Weather,948,1F319,crescent moon
Travel and Places,Sky and Weather,949,1F31A,new moon face
Travel and Places,Sky and Weather,950,1F31B,first quarter moon face
Travel and Places,Sky and Weather,951,1F31C,last quarter moon face
Travel and Places,Sky and Weather,952,1F321,thermometer
Travel and Places,Sky and Weather,953,2600,sun
Travel and Places,Sky and Weather,954,1F31D,full moon face
Travel and Places,Sky and Weather,955,1F31E,sun with face
Travel and Places,Sky and Weather,956,1FA90,ringed planet
Travel and Places,Sky and Weather,957,2B50,star
Travel and Places,Sky and Weather,958,1F31F,glowing star
Travel and Places,Sky and Weather,959,1F320,shooting star
Travel and Places,Sky and Weather,960,1F30C,milky way
Travel and Places,Sky and Weather,961,2601,cloud
Travel and Places,Sky and Weather,962,26C5,sun behind cloud
Travel and Places,Sky and Weather,963,26C8,cloud with lightning and rain
Travel and Places,Sky and Weather,964,1F324,sun behind small cloud
Travel and Places,Sky and Weather,965,1F325,sun behind large cloud
Travel and Places,Sky and Weather,966,1F326,sun behind rain cloud
Travel and Places,Sky and Weather,967,1F327,cloud with rain
Travel and Places,Sky and Weather,968,1F328,cloud with snow
Travel and Places,Sky and Weather,969,1F329,cloud with lightning
Travel and Places,Sky and Weather,970,1F32A,tornado
Travel and Places,Sky and Weather,971,1F32B,fog
Travel and Places,Sky and Weather,972,1F32C,wind face
Travel and Places,Sky and Weather,973,1F300,cyclone
Travel and Places,Sky and Weather,974,1F308,rainbow
Travel and Places,Sky and Weather,975,1F302,closed umbrella
Travel and Places,Sky and Weather,976,2602,umbrella
Travel and Places,Sky and Weather,977,2614,umbrella with rain drops
Travel and Places,Sky and Weather,978,26F1,umbrella on ground
Travel and Places,Sky and Weather,979,26A1,high voltage
Travel and Places,Sky and Weather,980,2744,snowflake
Travel and Places,Sky and Weather,981,2603,snowman
Travel and Places,Sky and Weather,982,26C4,snowman without snow
Travel and Places,Sky and Weather,983,2604,comet
Travel and Places,Sky and Weather,984,1F525,fire
Travel and Places,Sky and Weather,985,1F4A7,droplet
Travel and Places,Sky and Weather,986,1F30A,water wave
Activities,Event,987,1F383,jack-o-lantern
Activities,Event,988,1F384,Christmas tree
Activities,Event,989,1F386,fireworks
Activities,Event,990,1F387,sparkler
Activities,Event,991,1F9E8,firecracker
Activities,Event,992,2728,sparkles
Activities,Event,993,1F388,balloon
Activities,Event,994,1F389,party popper
Activities,Event,995,1F38A,confetti ball
Activities,Event,996,1F38B,tanabata tree
Activities,Event,997,1F38D,pine decoration
Activities,Event,998,1F38E,Japanese dolls
Activities,Event,999,1F38F,carp streamer
Activities,Event,1000,1F390,wind chime
Activities,Event,1001,1F391,moon viewing ceremony
Activities,Event,1002,1F9E7,red envelope
Activities,Event,1003,1F380,ribbon
Activities,Event,1004,1F381,wrapped gift
Activities,Event,1005,1F397,reminder ribbon
Activities,Event,1006,1F39F,admission tickets
Activities,Event,1007,1F3AB,ticket
Activities,"Award, Medal",1008,1F396,military medal
Activities,"Award, Medal",1009,1F3C6,trophy
Activities,"Award, Medal",1010,1F3C5,sports medal
Activities,"Award, Medal",1011,1F947,1st place medal
Activities,"Award, Medal",1012,1F948,2nd place medal
Activities,"Award, Medal",1013,1F949,3rd place medal
Activities,Sport,1014,26BD,soccer ball
Activities,Sport,1015,26BE,baseball
Activities,Sport,1016,1F94E,softball
Activities,Sport,1017,1F3C0,basketball
Activities,Sport,1018,1F3D0,volleyball
Activities,Sport,1019,1F3C8,american football
Activities,Sport,1020,1F3C9,rugby football
Activities,Sport,1021,1F3BE,tennis
Activities,Sport,1022,1F94F,flying disc
Activities,Sport,1023,1F3B3,bowling
Activities,Sport,1024,1F3CF,cricket game
Activities,Sport,1025,1F3D1,field hockey
Activities,Sport,1026,1F3D2,ice hockey
Activities,Sport,1027,1F94D,lacrosse
Activities,Sport,1028,1F3D3,ping pong
Activities,Sport,1029,1F3F8,badminton
Activities,Sport,1030,1F94A,boxing glove
Activities,Sport,1031,1F94B,martial arts uniform
Activities,Sport,1032,1F945,goal net
Activities,Sport,1033,26F3,flag in hole
Activities,Sport,1034,26F8,ice skate
Activities,Sport,1035,1F3A3,fishing pole
Activities,Sport,1036,1F93F,diving mask
Activities,Sport,1037,1F3BD,running shirt
Activities,Sport,1038,1F3BF,skis
Activities,Sport,1039,1F6F7,sled
Activities,Sport,1040,1F94C,curling stone
Activities,Game,1041,1F3AF,direct hit
Activities,Game,1042,1FA80,yo-yo
Activities,Game,1043,1FA81,kite
Activities,Game,1044,1F3B1,pool 8 ball
Activities,Game,1045,1F52E,crystal ball
Activities,Game,1046,1FA84,⊛ magic wand
Activities,Game,1047,1F9FF,nazar amulet
Activities,Game,1048,1F3AE,video game
Activities,Game,1049,1F579,joystick
Activities,Game,1050,1F3B0,slot machine
Activities,Game,1051,1F3B2,game die
Activities,Game,1052,1F9E9,puzzle piece
Activities,Game,1053,1F9F8,teddy bear
Activities,Game,1054,1FA85,⊛ piñata
Activities,Game,1055,1FA86,⊛ nesting dolls
Activities,Game,1056,2660,spade suit
Activities,Game,1057,2665,heart suit
Activities,Game,1058,2666,diamond suit
Activities,Game,1059,2663,club suit
Activities,Game,1060,265F,chess pawn
Activities,Game,1061,1F0CF,joker
Activities,Game,1062,1F004,mahjong red dragon
Activities,Game,1063,1F3B4,flower playing cards
Activities,Arts and Crafts,1064,1F3AD,performing arts
Activities,Arts and Crafts,1065,1F5BC,framed picture
Activities,Arts and Crafts,1066,1F3A8,artist palette
Activities,Arts and Crafts,1067,1F9F5,thread
Activities,Arts and Crafts,1068,1FAA1,⊛ sewing needle
Activities,Arts and Crafts,1069,1F9F6,yarn
Activities,Arts and Crafts,1070,1FAA2,⊛ knot
Objects,Clothing,1071,1F453,glasses
Objects,Clothing,1072,1F576,sunglasses
Objects,Clothing,1073,1F97D,goggles
Objects,Clothing,1074,1F97C,lab coat
Objects,Clothing,1075,1F9BA,safety vest
Objects,Clothing,1076,1F454,necktie
Objects,Clothing,1077,1F455,t-shirt
Objects,Clothing,1078,1F456,jeans
Objects,Clothing,1079,1F9E3,scarf
Objects,Clothing,1080,1F9E4,gloves
Objects,Clothing,1081,1F9E5,coat
Objects,Clothing,1082,1F9E6,socks
Objects,Clothing,1083,1F457,dress
Objects,Clothing,1084,1F458,kimono
Objects,Clothing,1085,1F97B,sari
Objects,Clothing,1086,1FA71,one-piece swimsuit
Objects,Clothing,1087,1FA72,briefs
Objects,Clothing,1088,1FA73,shorts
Objects,Clothing,1089,1F459,bikini
Objects,Clothing,1090,1F45A,woman’s clothes
Objects,Clothing,1091,1F45B,purse
Objects,Clothing,1092,1F45C,handbag
Objects,Clothing,1093,1F45D,clutch bag
Objects,Clothing,1094,1F6CD,shopping bags
Objects,Clothing,1095,1F392,backpack
Objects,Clothing,1096,1FA74,⊛ thong sandal
Objects,Clothing,1097,1F45E,man’s shoe
Objects,Clothing,1098,1F45F,running shoe
Objects,Clothing,1099,1F97E,hiking boot
Objects,Clothing,1100,1F97F,flat shoe
Objects,Clothing,1101,1F460,high-heeled shoe
Objects,Clothing,1102,1F461,woman’s sandal
Objects,Clothing,1103,1FA70,ballet shoes
Objects,Clothing,1104,1F462,woman’s boot
Objects,Clothing,1105,1F451,crown
Objects,Clothing,1106,1F452,woman’s hat
Objects,Clothing,1107,1F3A9,top hat
Objects,Clothing,1108,1F393,graduation cap
Objects,Clothing,1109,1F9E2,billed cap
Objects,Clothing,1110,1FA96,⊛ military helmet
Objects,Clothing,1111,26D1,rescue worker’s helmet
Objects,Clothing,1112,1F4FF,prayer beads
Objects,Clothing,1113,1F484,lipstick
Objects,Clothing,1114,1F48D,ring
Objects,Clothing,1115,1F48E,gem stone
Objects,Sound,1116,1F507,muted speaker
Objects,Sound,1117,1F508,speaker low volume
Objects,Sound,1118,1F509,speaker medium volume
Objects,Sound,1119,1F50A,speaker high volume
Objects,Sound,1120,1F4E2,loudspeaker
Objects,Sound,1121,1F4E3,megaphone
Objects,Sound,1122,1F4EF,postal horn
Objects,Sound,1123,1F514,bell
Objects,Sound,1124,1F515,bell with slash
Objects,Music,1125,1F3BC,musical score
Objects,Music,1126,1F3B5,musical note
Objects,Music,1127,1F3B6,musical notes
Objects,Music,1128,1F399,studio microphone
Objects,Music,1129,1F39A,level slider
Objects,Music,1130,1F39B,control knobs
Objects,Music,1131,1F3A4,microphone
Objects,Music,1132,1F3A7,headphone
Objects,Music,1133,1F4FB,radio
Objects,Musical Instrument,1134,1F3B7,saxophone
Objects,Musical Instrument,1135,1FA97,⊛ accordion
Objects,Musical Instrument,1136,1F3B8,guitar
Objects,Musical Instrument,1137,1F3B9,musical keyboard
Objects,Musical Instrument,1138,1F3BA,trumpet
Objects,Musical Instrument,1139,1F3BB,violin
Objects,Musical Instrument,1140,1FA95,banjo
Objects,Musical Instrument,1141,1F941,drum
Objects,Musical Instrument,1142,1FA98,⊛ long drum
Objects,Phone,1143,1F4F1,mobile phone
Objects,Phone,1144,1F4F2,mobile phone with arrow
Objects,Phone,1145,260E,telephone
Objects,Phone,1146,1F4DE,telephone receiver
Objects,Phone,1147,1F4DF,pager
Objects,Phone,1148,1F4E0,fax machine
Objects,Computer,1149,1F50B,battery
Objects,Computer,1150,1F50C,electric plug
Objects,Computer,1151,1F4BB,laptop
Objects,Computer,1152,1F5A5,desktop computer
Objects,Computer,1153,1F5A8,printer
Objects,Computer,1154,2328,keyboard
Objects,Computer,1155,1F5B1,computer mouse
Objects,Computer,1156,1F5B2,trackball
Objects,Computer,1157,1F4BD,computer disk
Objects,Computer,1158,1F4BE,floppy disk
Objects,Computer,1159,1F4BF,optical disk
Objects,Computer,1160,1F4C0,dvd
Objects,Computer,1161,1F9EE,abacus
Objects,Light and Video,1162,1F3A5,movie camera
Objects,Light and Video,1163,1F39E,film frames
Objects,Light and Video,1164,1F4FD,film projector
Objects,Light and Video,1165,1F3AC,clapper board
Objects,Light and Video,1166,1F4FA,television
Objects,Light and Video,1167,1F4F7,camera
Objects,Light and Video,1168,1F4F8,camera with flash
Objects,Light and Video,1169,1F4F9,video camera
Objects,Light and Video,1170,1F4FC,videocassette
Objects,Light and Video,1171,1F50D,magnifying glass tilted left
Objects,Light and Video,1172,1F50E,magnifying glass tilted right
Objects,Light and Video,1173,1F56F,candle
Objects,Light and Video,1174,1F4A1,light bulb
Objects,Light and Video,1175,1F526,flashlight
Objects,Light and Video,1176,1F3EE,red paper lantern
Objects,Light and Video,1177,1FA94,diya lamp
Objects,"Book, Paper",1178,1F4D4,notebook with decorative cover
Objects,"Book, Paper",1179,1F4D5,closed book
Objects,"Book, Paper",1180,1F4D6,open book
Objects,"Book, Paper",1181,1F4D7,green book
Objects,"Book, Paper",1182,1F4D8,blue book
Objects,"Book, Paper",1183,1F4D9,orange book
Objects,"Book, Paper",1184,1F4DA,books
Objects,"Book, Paper",1185,1F4D3,notebook
Objects,"Book, Paper",1186,1F4D2,ledger
Objects,"Book, Paper",1187,1F4C3,page with curl
Objects,"Book, Paper",1188,1F4DC,scroll
Objects,"Book, Paper",1189,1F4C4,page facing up
Objects,"Book, Paper",1190,1F4F0,newspaper
Objects,"Book, Paper",1191,1F5DE,rolled-up newspaper
Objects,"Book, Paper",1192,1F4D1,bookmark tabs
Objects,"Book, Paper",1193,1F516,bookmark
Objects,"Book, Paper",1194,1F3F7,label
Objects,Money,1195,1F4B0,money bag
Objects,Money,1196,1FA99,⊛ coin
Objects,Money,1197,1F4B4,yen banknote
Objects,Money,1198,1F4B5,dollar banknote
Objects,Money,1199,1F4B6,euro banknote
Objects,Money,1200,1F4B7,pound banknote
Objects,Money,1201,1F4B8,money with wings
Objects,Money,1202,1F4B3,credit card
Objects,Money,1203,1F9FE,receipt
Objects,Money,1204,1F4B9,chart increasing with yen
Objects,Mail,1205,2709,envelope
Objects,Mail,1206,1F4E7,e-mail
Objects,Mail,1207,1F4E8,incoming envelope
Objects,Mail,1208,1F4E9,envelope with arrow
Objects,Mail,1209,1F4E4,outbox tray
Objects,Mail,1210,1F4E5,inbox tray
Objects,Mail,1211,1F4E6,package
Objects,Mail,1212,1F4EB,closed mailbox with raised flag
Objects,Mail,1213,1F4EA,closed mailbox with lowered flag
Objects,Mail,1214,1F4EC,open mailbox with raised flag
Objects,Mail,1215,1F4ED,open mailbox with lowered flag
Objects,Mail,1216,1F4EE,postbox
Objects,Mail,1217,1F5F3,ballot box with ballot
Objects,Writing,1218,270F,pencil
Objects,Writing,1219,2712,black nib
Objects,Writing,1220,1F58B,fountain pen
Objects,Writing,1221,1F58A,pen
Objects,Writing,1222,1F58C,paintbrush
Objects,Writing,1223,1F58D,crayon
Objects,Writing,1224,1F4DD,memo
Objects,Office,1225,1F4BC,briefcase
Objects,Office,1226,1F4C1,file folder
Objects,Office,1227,1F4C2,open file folder
Objects,Office,1228,1F5C2,card index dividers
Objects,Office,1229,1F4C5,calendar
Objects,Office,1230,1F4C6,tear-off calendar
Objects,Office,1231,1F5D2,spiral notepad
Objects,Office,1232,1F5D3,spiral calendar
Objects,Office,1233,1F4C7,card index
Objects,Office,1234,1F4C8,chart increasing
Objects,Office,1235,1F4C9,chart decreasing
Objects,Office,1236,1F4CA,bar chart
Objects,Office,1237,1F4CB,clipboard
Objects,Office,1238,1F4CC,pushpin
Objects,Office,1239,1F4CD,round pushpin
Objects,Office,1240,1F4CE,paperclip
Objects,Office,1241,1F587,linked paperclips
Objects,Office,1242,1F4CF,straight ruler
Objects,Office,1243,1F4D0,triangular ruler
Objects,Office,1244,2702,scissors
Objects,Office,1245,1F5C3,card file box
Objects,Office,1246,1F5C4,file cabinet
Objects,Office,1247,1F5D1,wastebasket
Objects,Lock,1248,1F512,locked
Objects,Lock,1249,1F513,unlocked
Objects,Lock,1250,1F50F,locked with pen
Objects,Lock,1251,1F510,locked with key
Objects,Lock,1252,1F511,key
Objects,Lock,1253,1F5DD,old key
Objects,Tool,1254,1F528,hammer
Objects,Tool,1255,1FA93,axe
Objects,Tool,1256,26CF,pick
Objects,Tool,1257,2692,hammer and pick
Objects,Tool,1258,1F6E0,hammer and wrench
Objects,Tool,1259,1F5E1,dagger
Objects,Tool,1260,2694,crossed swords
Objects,Tool,1261,1F52B,pistol
Objects,Tool,1262,1FA83,⊛ boomerang
Objects,Tool,1263,1F3F9,bow and arrow
Objects,Tool,1264,1F6E1,shield
Objects,Tool,1265,1FA9A,
Objects,Tool,1266,1F527,wrench
Objects,Tool,1267,1FA9B,⊛ screwdriver
Objects,Tool,1268,1F529,nut and bolt
Objects,Tool,1269,2699,gear
Objects,Tool,1270,1F5DC,clamp
Objects,Tool,1271,2696,balance scale
Objects,Tool,1272,1F9AF,white cane
Objects,Tool,1273,1F517,link
Objects,Tool,1274,26D3,chains
Objects,Tool,1275,1FA9D,⊛ hook
Objects,Tool,1276,1F9F0,toolbox
Objects,Tool,1277,1F9F2,magnet
Objects,Tool,1278,1FA9C,⊛ ladder
Objects,Science,1279,2697,alembic
Objects,Science,1280,1F9EA,test tube
Objects,Science,1281,1F9EB,petri dish
Objects,Science,1282,1F9EC,dna
Objects,Science,1283,1F52C,microscope
Objects,Science,1284,1F52D,telescope
Objects,Science,1285,1F4E1,satellite antenna
Objects,Medical,1286,1F489,syringe
Objects,Medical,1287,1FA78,drop of blood
Objects,Medical,1288,1F48A,pill
Objects,Medical,1289,1FA79,adhesive bandage
Objects,Medical,1290,1FA7A,stethoscope
Objects,Household,1291,1F6AA,door
Objects,Household,1292,1F6D7,⊛ elevator
Objects,Household,1293,1FA9E,
Objects,Household,1294,1FA9F,
Objects,Household,1295,1F6CF,bed
Objects,Household,1296,1F6CB,couch and lamp
Objects,Household,1297,1FA91,chair
Objects,Household,1298,1F6BD,toilet
Objects,Household,1299,1FAA0,⊛ plunger
Objects,Household,1300,1F6BF,shower
Objects,Household,1301,1F6C1,bathtub
Objects,Household,1302,1FAA4,
Objects,Household,1303,1FA92,razor
Objects,Household,1304,1F9F4,lotion bottle
Objects,Household,1305,1F9F7,safety pin
Objects,Household,1306,1F9F9,broom
Objects,Household,1307,1F9FA,basket
Objects,Household,1308,1F9FB,roll of paper
Objects,Household,1309,1FAA3,⊛ bucket
Objects,Household,1310,1F9FC,soap
Objects,Household,1311,1FAA5,⊛ toothbrush
Objects,Household,1312,1F9FD,sponge
Objects,Household,1313,1F9EF,fire extinguisher
Objects,Household,1314,1F6D2,shopping cart
Objects,"Other, Object",1315,1F6AC,cigarette
Objects,"Other, Object",1316,26B0,coffin
Objects,"Other, Object",1317,1FAA6,
Objects,"Other, Object",1318,26B1,funeral urn
Objects,"Other, Object",1319,1F5FF,moai
Objects,"Other, Object",1320,1FAA7,⊛ placard
Symbols,"Transport, Sign",1321,1F3E7,ATM sign
Symbols,"Transport, Sign",1322,1F6AE,litter in bin sign
Symbols,"Transport, Sign",1323,1F6B0,potable water
Symbols,"Transport, Sign",1324,267F,wheelchair symbol
Symbols,"Transport, Sign",1325,1F6B9,men’s room
Symbols,"Transport, Sign",1326,1F6BA,women’s room
Symbols,"Transport, Sign",1327,1F6BB,restroom
Symbols,"Transport, Sign",1328,1F6BC,baby symbol
Symbols,"Transport, Sign",1329,1F6BE,water closet
Symbols,"Transport, Sign",1330,1F6C2,passport control
Symbols,"Transport, Sign",1331,1F6C3,customs
Symbols,"Transport, Sign",1332,1F6C4,baggage claim
Symbols,"Transport, Sign",1333,1F6C5,left luggage
Symbols,Warning,1334,26A0,warning
Symbols,Warning,1335,1F6B8,children crossing
Symbols,Warning,1336,26D4,no entry
Symbols,Warning,1337,1F6AB,prohibited
Symbols,Warning,1338,1F6B3,no bicycles
Symbols,Warning,1339,1F6AD,no smoking
Symbols,Warning,1340,1F6AF,no littering
Symbols,Warning,1341,1F6B1,non-potable water
Symbols,Warning,1342,1F6B7,no pedestrians
Symbols,Warning,1343,1F4F5,no mobile phones
Symbols,Warning,1344,1F51E,no one under eighteen
Symbols,Warning,1345,2622,radioactive
Symbols,Warning,1346,2623,biohazard
Symbols,Arrow,1347,2B06,up arrow
Symbols,Arrow,1348,2197,up-right arrow
Symbols,Arrow,1349,27A1,right arrow
Symbols,Arrow,1350,2198,down-right arrow
Symbols,Arrow,1351,2B07,down arrow
Symbols,Arrow,1352,2199,down-left arrow
Symbols,Arrow,1353,2B05,left arrow
Symbols,Arrow,1354,2196,up-left arrow
Symbols,Arrow,1355,2195,up-down arrow
Symbols,Arrow,1356,2194,left-right arrow
Symbols,Arrow,1357,21A9,right arrow curving left
Symbols,Arrow,1358,21AA,left arrow curving right
Symbols,Arrow,1359,2934,right arrow curving up
Symbols,Arrow,1360,2935,right arrow curving down
Symbols,Arrow,1361,1F503,clockwise vertical arrows
Symbols,Arrow,1362,1F504,counterclockwise arrows button
Symbols,Arrow,1363,1F519,BACK arrow
Symbols,Arrow,1364,1F51A,END arrow
Symbols,Arrow,1365,1F51B,ON! arrow
Symbols,Arrow,1366,1F51C,SOON arrow
Symbols,Arrow,1367,1F51D,TOP arrow
Symbols,Religion,1368,1F6D0,place of worship
Symbols,Religion,1369,269B,atom symbol
Symbols,Religion,1370,1F549,om
Symbols,Religion,1371,2721,star of David
Symbols,Religion,1372,2638,wheel of dharma
Symbols,Religion,1373,262F,yin yang
Symbols,Religion,1374,271D,latin cross
Symbols,Religion,1375,2626,orthodox cross
Symbols,Religion,1376,262A,star and crescent
Symbols,Religion,1377,262E,peace symbol
Symbols,Religion,1378,1F54E,menorah
Symbols,Religion,1379,1F52F,dotted six-pointed star
Symbols,Zodiac,1380,2648,Aries
Symbols,Zodiac,1381,2649,Taurus
Symbols,Zodiac,1382,264A,Gemini
Symbols,Zodiac,1383,264B,Cancer
Symbols,Zodiac,1384,264C,Leo
Symbols,Zodiac,1385,264D,Virgo
Symbols,Zodiac,1386,264E,Libra
Symbols,Zodiac,1387,264F,Scorpio
Symbols,Zodiac,1388,2650,Sagittarius
Symbols,Zodiac,1389,2651,Capricorn
Symbols,Zodiac,1390,2652,Aquarius
Symbols,Zodiac,1391,2653,Pisces
Symbols,Zodiac,1392,26CE,Ophiuchus
Symbols,AV Symbol,1393,1F500,shuffle tracks button
Symbols,AV Symbol,1394,1F501,repeat button
Symbols,AV Symbol,1395,1F502,repeat single button
Symbols,AV Symbol,1396,25B6,play button
Symbols,AV Symbol,1397,2.30E+10,fast-forward button
Symbols,AV Symbol,1398,23ED,next track button
Symbols,AV Symbol,1399,23EF,play or pause button
Symbols,AV Symbol,1400,25C0,reverse button
Symbols,AV Symbol,1401,23EA,fast reverse button
Symbols,AV Symbol,1402,23EE,last track button
Symbols,AV Symbol,1403,1F53C,upwards button
Symbols,AV Symbol,1404,23EB,fast up button
Symbols,AV Symbol,1405,1F53D,downwards button
Symbols,AV Symbol,1406,23EC,fast down button
Symbols,AV Symbol,1407,23F8,pause button
Symbols,AV Symbol,1408,23F9,stop button
Symbols,AV Symbol,1409,23FA,record button
Symbols,AV Symbol,1410,23CF,eject button
Symbols,AV Symbol,1411,1F3A6,cinema
Symbols,AV Symbol,1412,1F505,dim button
Symbols,AV Symbol,1413,1F506,bright button
Symbols,AV Symbol,1414,1F4F6,antenna bars
Symbols,AV Symbol,1415,1F4F3,vibration mode
Symbols,AV Symbol,1416,1F4F4,mobile phone off
Symbols,Gender,1417,2640,female sign
Symbols,Gender,1418,2642,male sign
Symbols,Gender,1419,26A7,⊛ transgender symbol
Symbols,Math,1420,2716,multiply
Symbols,Math,1421,2795,plus
Symbols,Math,1422,2796,minus
Symbols,Math,1423,2797,divide
Symbols,Math,1424,267E,infinity
Symbols,Punctuation,1425,203C,double exclamation mark
Symbols,Punctuation,1426,2049,exclamation question mark
Symbols,Punctuation,1427,2753,question mark
Symbols,Punctuation,1428,2754,white question mark
Symbols,Punctuation,1429,2755,white exclamation mark
Symbols,Punctuation,1430,2757,exclamation mark
Symbols,Punctuation,1431,3030,wavy dash
Symbols,Currency,1432,1F4B1,currency exchange
Symbols,Currency,1433,1F4B2,heavy dollar sign
Symbols,Other Symbol,1434,2695,medical symbol
Symbols,Other Symbol,1435,267B,recycling symbol
Symbols,Other Symbol,1436,269C,fleur-de-lis
Symbols,Other Symbol,1437,1F531,trident emblem
Symbols,Other Symbol,1438,1F4DB,name badge
Symbols,Other Symbol,1439,1F530,Japanese symbol for beginner
Symbols,Other Symbol,1440,2B55,hollow red circle
Symbols,Other Symbol,1441,2705,check mark button
Symbols,Other Symbol,1442,2611,check box with check
Symbols,Other Symbol,1443,2714,check mark
Symbols,Other Symbol,1444,274C,cross mark
Symbols,Other Symbol,1445,274E,cross mark button
Symbols,Other Symbol,1446,27B0,curly loop
Symbols,Other Symbol,1447,27BF,double curly loop
Symbols,Other Symbol,1448,303D,part alternation mark
Symbols,Other Symbol,1449,2733,eight-spoked asterisk
Symbols,Other Symbol,1450,2734,eight-pointed star
Symbols,Other Symbol,1451,2747,sparkle
Symbols,Other Symbol,1452,00A9,copyright
Symbols,Other Symbol,1453,00AE,registered
Symbols,Other Symbol,1454,2122,trade mark
Symbols,Keycap,1455,0023+FE0F+20E3,keycap: #
Symbols,Keycap,1456,002A+FE0F+20E3,keycap: *
Symbols,Keycap,1457,0030+FE0F+20E3,keycap: 0
Symbols,Keycap,1458,0031+FE0F+20E3,keycap: 1
Symbols,Keycap,1459,0032+FE0F+20E3,keycap: 2
Symbols,Keycap,1460,0033+FE0F+20E3,keycap: 3
Symbols,Keycap,1461,0034+FE0F+20E3,keycap: 4
Symbols,Keycap,1462,0035+FE0F+20E3,keycap: 5
Symbols,Keycap,1463,0036+FE0F+20E3,keycap: 6
Symbols,Keycap,1464,0037+FE0F+20E3,keycap: 7
Symbols,Keycap,1465,0038+FE0F+20E3,keycap: 8
Symbols,Keycap,1466,0039+FE0F+20E3,keycap: 9
Symbols,Keycap,1467,1F51F,keycap: 10
Symbols,Alphanum,1468,1F520,input latin uppercase
Symbols,Alphanum,1469,1F521,input latin lowercase
Symbols,Alphanum,1470,1F522,input numbers
Symbols,Alphanum,1471,1F523,input symbols
Symbols,Alphanum,1472,1F524,input latin letters
Symbols,Alphanum,1473,1F170,A button (blood type)
Symbols,Alphanum,1474,1F18E,AB button (blood type)
Symbols,Alphanum,1475,1F171,B button (blood type)
Symbols,Alphanum,1476,1F191,CL button
Symbols,Alphanum,1477,1F192,COOL button
Symbols,Alphanum,1478,1F193,FREE button
Symbols,Alphanum,1479,2139,information
Symbols,Alphanum,1480,1F194,ID button
Symbols,Alphanum,1481,24C2,circled M
Symbols,Alphanum,1482,1F195,NEW button
Symbols,Alphanum,1483,1F196,NG button
Symbols,Alphanum,1484,1F17E,O button (blood type)
Symbols,Alphanum,1485,1F197,OK button
Symbols,Alphanum,1486,1F17F,P button
Symbols,Alphanum,1487,1F198,SOS button
Symbols,Alphanum,1488,1F199,UP! button
Symbols,Alphanum,1489,1F19A,VS button
Symbols,Alphanum,1490,1F201,Japanese “here” button
Symbols,Alphanum,1491,1F202,Japanese “service charge” button
Symbols,Alphanum,1492,1F237,Japanese “monthly amount” button
Symbols,Alphanum,1493,1F236,Japanese “not free of charge” button
Symbols,Alphanum,1494,1F22F,Japanese “reserved” button
Symbols,Alphanum,1495,1F250,Japanese “bargain” button
Symbols,Alphanum,1496,1F239,Japanese “discount” button
Symbols,Alphanum,1497,1F21A,Japanese “free of charge” button
Symbols,Alphanum,1498,1F232,Japanese “prohibited” button
Symbols,Alphanum,1499,1F251,Japanese “acceptable” button
Symbols,Alphanum,1500,1F238,Japanese “application” button
Symbols,Alphanum,1501,1F234,Japanese “passing grade” button
Symbols,Alphanum,1502,1F233,Japanese “vacancy” button
Symbols,Alphanum,1503,3297,Japanese “congratulations” button
Symbols,Alphanum,1504,3299,Japanese “secret” button
Symbols,Alphanum,1505,1F23A,Japanese “open for business” button
Symbols,Alphanum,1506,1F235,Japanese “no vacancy” button
Symbols,Geometric,1507,1F534,red circle
Symbols,Geometric,1508,1F7E0,orange circle
Symbols,Geometric,1509,1F7E1,yellow circle
Symbols,Geometric,1510,1F7E2,green circle
Symbols,Geometric,1511,1F535,blue circle
Symbols,Geometric,1512,1F7E3,purple circle
Symbols,Geometric,1513,1F7E4,brown circle
Symbols,Geometric,1514,26AB,black circle
Symbols,Geometric,1515,26AA,white circle
Symbols,Geometric,1516,1F7E5,red square
Symbols,Geometric,1517,1F7E7,orange square
Symbols,Geometric,1518,1F7E8,yellow square
Symbols,Geometric,1519,1F7E9,green square
Symbols,Geometric,1520,1F7E6,blue square
Symbols,Geometric,1521,1F7EA,purple square
Symbols,Geometric,1522,1F7EB,brown square
Symbols,Geometric,1523,2B1B,black large square
Symbols,Geometric,1524,2B1C,white large square
Symbols,Geometric,1525,25FC,black medium square
Symbols,Geometric,1526,25FB,white medium square
Symbols,Geometric,1527,25FE,black medium-small square
Symbols,Geometric,1528,25FD,white medium-small square
Symbols,Geometric,1529,25AA,black small square
Symbols,Geometric,1530,25AB,white small square
Symbols,Geometric,1531,1F536,large orange diamond
Symbols,Geometric,1532,1F537,large blue diamond
Symbols,Geometric,1533,1F538,small orange diamond
Symbols,Geometric,1534,1F539,small blue diamond
Symbols,Geometric,1535,1F53A,red triangle pointed up
Symbols,Geometric,1536,1F53B,red triangle pointed down
Symbols,Geometric,1537,1F4A0,diamond with a dot
Symbols,Geometric,1538,1F518,radio button
Symbols,Geometric,1539,1F533,white square button
Symbols,Geometric,1540,1F532,black square button
Flags,Flag,1541,1F3C1,chequered flag
Flags,Flag,1542,1F6A9,triangular flag
Flags,Flag,1543,1F38C,crossed flags
Flags,Flag,1544,1F3F4,black flag
Flags,Flag,1545,1F3F3,white flag
Flags,Flag,1546,1F3F3+FE0F+200D+1F308,rainbow flag
Flags,Flag,1547,1F3F3+FE0F+200D+26A7+FE0F,⊛ transgender flag
Flags,Flag,1548,1F3F4+200D+2620+FE0F,pirate flag
Flags,Country Flag,1549,1F1E6+1F1E8,flag: Ascension Island
Flags,Country Flag,1550,1F1E6+1F1E9,flag: Andorra
Flags,Country Flag,1551,1F1E6+1F1EA,flag: United Arab Emirates
Flags,Country Flag,1552,1F1E6+1F1EB,flag: Afghanistan
Flags,Country Flag,1553,1F1E6+1F1EC,flag: Antigua & Barbuda
Flags,Country Flag,1554,1F1E6+1F1EE,flag: Anguilla
Flags,Country Flag,1555,1F1E6+1F1F1,flag: Albania
Flags,Country Flag,1556,1F1E6+1F1F2,flag: Armenia
Flags,Country Flag,1557,1F1E6+1F1F4,flag: Angola
Flags,Country Flag,1558,1F1E6+1F1F6,flag: Antarctica
Flags,Country Flag,1559,1F1E6+1F1F7,flag: Argentina
Flags,Country Flag,1560,1F1E6+1F1F8,flag: American Samoa
Flags,Country Flag,1561,1F1E6+1F1F9,flag: Austria
Flags,Country Flag,1562,1F1E6+1F1FA,flag: Australia
Flags,Country Flag,1563,1F1E6+1F1FC,flag: Aruba
Flags,Country Flag,1564,1F1E6+1F1FD,flag: Åland Islands
Flags,Country Flag,1565,1F1E6+1F1FF,flag: Azerbaijan
Flags,Country Flag,1566,1F1E7+1F1E6,flag: Bosnia & Herzegovina
Flags,Country Flag,1567,1F1E7+1F1E7,flag: Barbados
Flags,Country Flag,1568,1F1E7+1F1E9,flag: Bangladesh
Flags,Country Flag,1569,1F1E7+1F1EA,flag: Belgium
Flags,Country Flag,1570,1F1E7+1F1EB,flag: Burkina Faso
Flags,Country Flag,1571,1F1E7+1F1EC,flag: Bulgaria
Flags,Country Flag,1572,1F1E7+1F1ED,flag: Bahrain
Flags,Country Flag,1573,1F1E7+1F1EE,flag: Burundi
Flags,Country Flag,1574,1F1E7+1F1EF,flag: Benin
Flags,Country Flag,1575,1F1E7+1F1F1,flag: St. Barthélemy
Flags,Country Flag,1576,1F1E7+1F1F2,flag: Bermuda
Flags,Country Flag,1577,1F1E7+1F1F3,flag: Brunei
Flags,Country Flag,1578,1F1E7+1F1F4,flag: Bolivia
Flags,Country Flag,1579,1F1E7+1F1F6,flag: Caribbean Netherlands
Flags,Country Flag,1580,1F1E7+1F1F7,flag: Brazil
Flags,Country Flag,1581,1F1E7+1F1F8,flag: Bahamas
Flags,Country Flag,1582,1F1E7+1F1F9,flag: Bhutan
Flags,Country Flag,1583,1F1E7+1F1FB,flag: Bouvet Island
Flags,Country Flag,1584,1F1E7+1F1FC,flag: Botswana
Flags,Country Flag,1585,1F1E7+1F1FE,flag: Belarus
Flags,Country Flag,1586,1F1E7+1F1FF,flag: Belize
Flags,Country Flag,1587,1F1E8+1F1E6,flag: Canada
Flags,Country Flag,1588,1F1E8+1F1E8,flag: Cocos (Keeling) Islands
Flags,Country Flag,1589,1F1E8+1F1E9,flag: Congo - Kinshasa
Flags,Country Flag,1590,1F1E8+1F1EB,flag: Central African Republic
Flags,Country Flag,1591,1F1E8+1F1EC,flag: Congo - Brazzaville
Flags,Country Flag,1592,1F1E8+1F1ED,flag: Switzerland
Flags,Country Flag,1593,1F1E8+1F1EE,flag: Côte d’Ivoire
Flags,Country Flag,1594,1F1E8+1F1F0,flag: Cook Islands
Flags,Country Flag,1595,1F1E8+1F1F1,flag: Chile
Flags,Country Flag,1596,1F1E8+1F1F2,flag: Cameroon
Flags,Country Flag,1597,1F1E8+1F1F3,flag: China
Flags,Country Flag,1598,1F1E8+1F1F4,flag: Colombia
Flags,Country Flag,1599,1F1E8+1F1F5,flag: Clipperton Island
Flags,Country Flag,1600,1F1E8+1F1F7,flag: Costa Rica
Flags,Country Flag,1601,1F1E8+1F1FA,flag: Cuba
Flags,Country Flag,1602,1F1E8+1F1FB,flag: Cape Verde
Flags,Country Flag,1603,1F1E8+1F1FC,flag: Curaçao
Flags,Country Flag,1604,1F1E8+1F1FD,flag: Christmas Island
Flags,Country Flag,1605,1F1E8+1F1FE,flag: Cyprus
Flags,Country Flag,1606,1F1E8+1F1FF,flag: Czechia
Flags,Country Flag,1607,1F1E9+1F1EA,flag: Germany
Flags,Country Flag,1608,1F1E9+1F1EC,flag: Diego Garcia
Flags,Country Flag,1609,1F1E9+1F1EF,flag: Djibouti
Flags,Country Flag,1610,1F1E9+1F1F0,flag: Denmark
Flags,Country Flag,1611,1F1E9+1F1F2,flag: Dominica
Flags,Country Flag,1612,1F1E9+1F1F4,flag: Dominican Republic
Flags,Country Flag,1613,1F1E9+1F1FF,flag: Algeria
Flags,Country Flag,1614,1F1EA+1F1E6,flag: Ceuta & Melilla
Flags,Country Flag,1615,1F1EA+1F1E8,flag: Ecuador
Flags,Country Flag,1616,1F1EA+1F1EA,flag: Estonia
Flags,Country Flag,1617,1F1EA+1F1EC,flag: Egypt
Flags,Country Flag,1618,1F1EA+1F1ED,flag: Western Sahara
Flags,Country Flag,1619,1F1EA+1F1F7,flag: Eritrea
Flags,Country Flag,1620,1F1EA+1F1F8,flag: Spain
Flags,Country Flag,1621,1F1EA+1F1F9,flag: Ethiopia
Flags,Country Flag,1622,1F1EA+1F1FA,flag: European Union
Flags,Country Flag,1623,1F1EB+1F1EE,flag: Finland
Flags,Country Flag,1624,1F1EB+1F1EF,flag: Fiji
Flags,Country Flag,1625,1F1EB+1F1F0,flag: Falkland Islands
Flags,Country Flag,1626,1F1EB+1F1F2,flag: Micronesia
Flags,Country Flag,1627,1F1EB+1F1F4,flag: Faroe Islands
Flags,Country Flag,1628,1F1EB+1F1F7,flag: France
Flags,Country Flag,1629,1F1EC+1F1E6,flag: Gabon
Flags,Country Flag,1630,1F1EC+1F1E7,flag: United Kingdom
Flags,Country Flag,1631,1F1EC+1F1E9,flag: Grenada
Flags,Country Flag,1632,1F1EC+1F1EA,flag: Georgia
Flags,Country Flag,1633,1F1EC+1F1EB,flag: French Guiana
Flags,Country Flag,1634,1F1EC+1F1EC,flag: Guernsey
Flags,Country Flag,1635,1F1EC+1F1ED,flag: Ghana
Flags,Country Flag,1636,1F1EC+1F1EE,flag: Gibraltar
Flags,Country Flag,1637,1F1EC+1F1F1,flag: Greenland
Flags,Country Flag,1638,1F1EC+1F1F2,flag: Gambia
Flags,Country Flag,1639,1F1EC+1F1F3,flag: Guinea
Flags,Country Flag,1640,1F1EC+1F1F5,flag: Guadeloupe
Flags,Country Flag,1641,1F1EC+1F1F6,flag: Equatorial Guinea
Flags,Country Flag,1642,1F1EC+1F1F7,flag: Greece
Flags,Country Flag,1643,1F1EC+1F1F8,flag: South Georgia & South Sandwich Islands
Flags,Country Flag,1644,1F1EC+1F1F9,flag: Guatemala
Flags,Country Flag,1645,1F1EC+1F1FA,flag: Guam
Flags,Country Flag,1646,1F1EC+1F1FC,flag: Guinea-Bissau
Flags,Country Flag,1647,1F1EC+1F1FE,flag: Guyana
Flags,Country Flag,1648,1F1ED+1F1F0,flag: Hong Kong SAR China
Flags,Country Flag,1649,1F1ED+1F1F2,flag: Heard & McDonald Islands
Flags,Country Flag,1650,1F1ED+1F1F3,flag: Honduras
Flags,Country Flag,1651,1F1ED+1F1F7,flag: Croatia
Flags,Country Flag,1652,1F1ED+1F1F9,flag: Haiti
Flags,Country Flag,1653,1F1ED+1F1FA,flag: Hungary
Flags,Country Flag,1654,1F1EE+1F1E8,flag: Canary Islands
Flags,Country Flag,1655,1F1EE+1F1E9,flag: Indonesia
Flags,Country Flag,1656,1F1EE+1F1EA,flag: Ireland
Flags,Country Flag,1657,1F1EE+1F1F1,flag: Israel
Flags,Country Flag,1658,1F1EE+1F1F2,flag: Isle of Man
Flags,Country Flag,1659,1F1EE+1F1F3,flag: India
Flags,Country Flag,1660,1F1EE+1F1F4,flag: British Indian Ocean Territory
Flags,Country Flag,1661,1F1EE+1F1F6,flag: Iraq
Flags,Country Flag,1662,1F1EE+1F1F7,flag: Iran
Flags,Country Flag,1663,1F1EE+1F1F8,flag: Iceland
Flags,Country Flag,1664,1F1EE+1F1F9,flag: Italy
Flags,Country Flag,1665,1F1EF+1F1EA,flag: Jersey
Flags,Country Flag,1666,1F1EF+1F1F2,flag: Jamaica
Flags,Country Flag,1667,1F1EF+1F1F4,flag: Jordan
Flags,Country Flag,1668,1F1EF+1F1F5,flag: Japan
Flags,Country Flag,1669,1F1F0+1F1EA,flag: Kenya
Flags,Country Flag,1670,1F1F0+1F1EC,flag: Kyrgyzstan
Flags,Country Flag,1671,1F1F0+1F1ED,flag: Cambodia
Flags,Country Flag,1672,1F1F0+1F1EE,flag: Kiribati
Flags,Country Flag,1673,1F1F0+1F1F2,flag: Comoros
Flags,Country Flag,1674,1F1F0+1F1F3,flag: St. Kitts & Nevis
Flags,Country Flag,1675,1F1F0+1F1F5,flag: North Korea
Flags,Country Flag,1676,1F1F0+1F1F7,flag: South Korea
Flags,Country Flag,1677,1F1F0+1F1FC,flag: Kuwait
Flags,Country Flag,1678,1F1F0+1F1FE,flag: Cayman Islands
Flags,Country Flag,1679,1F1F0+1F1FF,flag: Kazakhstan
Flags,Country Flag,1680,1F1F1+1F1E6,flag: Laos
Flags,Country Flag,1681,1F1F1+1F1E7,flag: Lebanon
Flags,Country Flag,1682,1F1F1+1F1E8,flag: St. Lucia
Flags,Country Flag,1683,1F1F1+1F1EE,flag: Liechtenstein
Flags,Country Flag,1684,1F1F1+1F1F0,flag: Sri Lanka
Flags,Country Flag,1685,1F1F1+1F1F7,flag: Liberia
Flags,Country Flag,1686,1F1F1+1F1F8,flag: Lesotho
Flags,Country Flag,1687,1F1F1+1F1F9,flag: Lithuania
Flags,Country Flag,1688,1F1F1+1F1FA,flag: Luxembourg
Flags,Country Flag,1689,1F1F1+1F1FB,flag: Latvia
Flags,Country Flag,1690,1F1F1+1F1FE,flag: Libya
Flags,Country Flag,1691,1F1F2+1F1E6,flag: Morocco
Flags,Country Flag,1692,1F1F2+1F1E8,flag: Monaco
Flags,Country Flag,1693,1F1F2+1F1E9,flag: Moldova
Flags,Country Flag,1694,1F1F2+1F1EA,flag: Montenegro
Flags,Country Flag,1695,1F1F2+1F1EB,flag: St. Martin
Flags,Country Flag,1696,1F1F2+1F1EC,flag: Madagascar
Flags,Country Flag,1697,1F1F2+1F1ED,flag: Marshall Islands
Flags,Country Flag,1698,1F1F2+1F1F0,flag: North Macedonia
Flags,Country Flag,1699,1F1F2+1F1F1,flag: Mali
Flags,Country Flag,1700,1F1F2+1F1F2,flag: Myanmar (Burma)
Flags,Country Flag,1701,1F1F2+1F1F3,flag: Mongolia
Flags,Country Flag,1702,1F1F2+1F1F4,flag: Macao SAR China
Flags,Country Flag,1703,1F1F2+1F1F5,flag: Northern Mariana Islands
Flags,Country Flag,1704,1F1F2+1F1F6,flag: Martinique
Flags,Country Flag,1705,1F1F2+1F1F7,flag: Mauritania
Flags,Country Flag,1706,1F1F2+1F1F8,flag: Montserrat
Flags,Country Flag,1707,1F1F2+1F1F9,flag: Malta
Flags,Country Flag,1708,1F1F2+1F1FA,flag: Mauritius
Flags,Country Flag,1709,1F1F2+1F1FB,flag: Maldives
Flags,Country Flag,1710,1F1F2+1F1FC,flag: Malawi
Flags,Country Flag,1711,1F1F2+1F1FD,flag: Mexico
Flags,Country Flag,1712,1F1F2+1F1FE,flag: Malaysia
Flags,Country Flag,1713,1F1F2+1F1FF,flag: Mozambique
Flags,Country Flag,1714,1F1F3+1F1E6,flag: Namibia
Flags,Country Flag,1715,1F1F3+1F1E8,flag: New Caledonia
Flags,Country Flag,1716,1F1F3+1F1EA,flag: Niger
Flags,Country Flag,1717,1F1F3+1F1EB,flag: Norfolk Island
Flags,Country Flag,1718,1F1F3+1F1EC,flag: Nigeria
Flags,Country Flag,1719,1F1F3+1F1EE,flag: Nicaragua
Flags,Country Flag,1720,1F1F3+1F1F1,flag: Netherlands
Flags,Country Flag,1721,1F1F3+1F1F4,flag: Norway
Flags,Country Flag,1722,1F1F3+1F1F5,flag: Nepal
Flags,Country Flag,1723,1F1F3+1F1F7,flag: Nauru
Flags,Country Flag,1724,1F1F3+1F1FA,flag: Niue
Flags,Country Flag,1725,1F1F3+1F1FF,flag: New Zealand
Flags,Country Flag,1726,1F1F4+1F1F2,flag: Oman
Flags,Country Flag,1727,1F1F5+1F1E6,flag: Panama
Flags,Country Flag,1728,1F1F5+1F1EA,flag: Peru
Flags,Country Flag,1729,1F1F5+1F1EB,flag: French Polynesia
Flags,Country Flag,1730,1F1F5+1F1EC,flag: Papua New Guinea
Flags,Country Flag,1731,1F1F5+1F1ED,flag: Philippines
Flags,Country Flag,1732,1F1F5+1F1F0,flag: Pakistan
Flags,Country Flag,1733,1F1F5+1F1F1,flag: Poland
Flags,Country Flag,1734,1F1F5+1F1F2,flag: St. Pierre & Miquelon
Flags,Country Flag,1735,1F1F5+1F1F3,flag: Pitcairn Islands
Flags,Country Flag,1736,1F1F5+1F1F7,flag: Puerto Rico
Flags,Country Flag,1737,1F1F5+1F1F8,flag: Palestinian Territories
Flags,Country Flag,1738,1F1F5+1F1F9,flag: Portugal
Flags,Country Flag,1739,1F1F5+1F1FC,flag: Palau
Flags,Country Flag,1740,1F1F5+1F1FE,flag: Paraguay
Flags,Country Flag,1741,1F1F6+1F1E6,flag: Qatar
Flags,Country Flag,1742,1F1F7+1F1EA,flag: Réunion
Flags,Country Flag,1743,1F1F7+1F1F4,flag: Romania
Flags,Country Flag,1744,1F1F7+1F1F8,flag: Serbia
Flags,Country Flag,1745,1F1F7+1F1FA,flag: Russia
Flags,Country Flag,1746,1F1F7+1F1FC,flag: Rwanda
Flags,Country Flag,1747,1F1F8+1F1E6,flag: Saudi Arabia
Flags,Country Flag,1748,1F1F8+1F1E7,flag: Solomon Islands
Flags,Country Flag,1749,1F1F8+1F1E8,flag: Seychelles
Flags,Country Flag,1750,1F1F8+1F1E9,flag: Sudan
Flags,Country Flag,1751,1F1F8+1F1EA,flag: Sweden
Flags,Country Flag,1752,1F1F8+1F1EC,flag: Singapore
Flags,Country Flag,1753,1F1F8+1F1ED,flag: St. Helena
Flags,Country Flag,1754,1F1F8+1F1EE,flag: Slovenia
Flags,Country Flag,1755,1F1F8+1F1EF,flag: Svalbard & Jan Mayen
Flags,Country Flag,1756,1F1F8+1F1F0,flag: Slovakia
Flags,Country Flag,1757,1F1F8+1F1F1,flag: Sierra Leone
Flags,Country Flag,1758,1F1F8+1F1F2,flag: San Marino
Flags,Country Flag,1759,1F1F8+1F1F3,flag: Senegal
Flags,Country Flag,1760,1F1F8+1F1F4,flag: Somalia
Flags,Country Flag,1761,1F1F8+1F1F7,flag: Suriname
Flags,Country Flag,1762,1F1F8+1F1F8,flag: South Sudan
Flags,Country Flag,1763,1F1F8+1F1F9,flag: São Tomé & Príncipe
Flags,Country Flag,1764,1F1F8+1F1FB,flag: El Salvador
Flags,Country Flag,1765,1F1F8+1F1FD,flag: Sint Maarten
Flags,Country Flag,1766,1F1F8+1F1FE,flag: Syria
Flags,Country Flag,1767,1F1F8+1F1FF,flag: Eswatini
Flags,Country Flag,1768,1F1F9+1F1E6,flag: Tristan da Cunha
Flags,Country Flag,1769,1F1F9+1F1E8,flag: Turks & Caicos Islands
Flags,Country Flag,1770,1F1F9+1F1E9,flag: Chad
Flags,Country Flag,1771,1F1F9+1F1EB,flag: French Southern Territories
Flags,Country Flag,1772,1F1F9+1F1EC,flag: Togo
Flags,Country Flag,1773,1F1F9+1F1ED,flag: Thailand
Flags,Country Flag,1774,1F1F9+1F1EF,flag: Tajikistan
Flags,Country Flag,1775,1F1F9+1F1F0,flag: Tokelau
Flags,Country Flag,1776,1F1F9+1F1F1,flag: Timor-Leste
Flags,Country Flag,1777,1F1F9+1F1F2,flag: Turkmenistan
Flags,Country Flag,1778,1F1F9+1F1F3,flag: Tunisia
Flags,Country Flag,1779,1F1F9+1F1F4,flag: Tonga
Flags,Country Flag,1780,1F1F9+1F1F7,flag: Turkey
Flags,Country Flag,1781,1F1F9+1F1F9,flag: Trinidad & Tobago
Flags,Country Flag,1782,1F1F9+1F1FB,flag: Tuvalu
Flags,Country Flag,1783,1F1F9+1F1FC,flag: Taiwan
Flags,Country Flag,1784,1F1F9+1F1FF,flag: Tanzania
Flags,Country Flag,1785,1F1FA+1F1E6,flag: Ukraine
Flags,Country Flag,1786,1F1FA+1F1EC,flag: Uganda
Flags,Country Flag,1787,1F1FA+1F1F2,flag: U.S. Outlying Islands
Flags,Country Flag,1788,1F1FA+1F1F3,flag: United Nations
Flags,Country Flag,1789,1F1FA+1F1F8,flag: United States
Flags,Country Flag,1790,1F1FA+1F1FE,flag: Uruguay
Flags,Country Flag,1791,1F1FA+1F1FF,flag: Uzbekistan
Flags,Country Flag,1792,1F1FB+1F1E6,flag: Vatican City
Flags,Country Flag,1793,1F1FB+1F1E8,flag: St. Vincent & Grenadines
Flags,Country Flag,1794,1F1FB+1F1EA,flag: Venezuela
Flags,Country Flag,1795,1F1FB+1F1EC,flag: British Virgin Islands
Flags,Country Flag,1796,1F1FB+1F1EE,flag: U.S. Virgin Islands
Flags,Country Flag,1797,1F1FB+1F1F3,flag: Vietnam
Flags,Country Flag,1798,1F1FB+1F1FA,flag: Vanuatu
Flags,Country Flag,1799,1F1FC+1F1EB,flag: Wallis & Futuna
Flags,Country Flag,1800,1F1FC+1F1F8,flag: Samoa
Flags,Country Flag,1801,1F1FD+1F1F0,flag: Kosovo
Flags,Country Flag,1802,1F1FE+1F1EA,flag: Yemen
Flags,Country Flag,1803,1F1FE+1F1F9,flag: Mayotte
Flags,Country Flag,1804,1F1FF+1F1E6,flag: South Africa
Flags,Country Flag,1805,1F1FF+1F1F2,flag: Zambia
Flags,Country Flag,1806,1F1FF+1F1FC,flag: Zimbabwe
Flags,Subdivision Flag,1807,1F3F4+E0067+E0062+E0065+E006E+E0067+E007F,flag: England
Flags,Subdivision Flag,1808,1F3F4+E0067+E0062+E0073+E0063+E0074+E007F,flag: Scotland
Flags,Subdivision Flag,1809,1F3F4+E0067+E0062+E0077+E006C+E0073+E007F,flag: Wales
